-- phpMyAdmin SQL Dump
-- version 5.2.1
-- https://www.phpmyadmin.net/
--
-- Host: 127.0.0.1
-- Generation Time: Dec 19, 2025 at 07:11 AM
-- Server version: 10.4.32-MariaDB
-- PHP Version: 8.0.30

SET SQL_MODE = "NO_AUTO_VALUE_ON_ZERO";
START TRANSACTION;
SET time_zone = "+00:00";


/*!40101 SET @OLD_CHARACTER_SET_CLIENT=@@CHARACTER_SET_CLIENT */;
/*!40101 SET @OLD_CHARACTER_SET_RESULTS=@@CHARACTER_SET_RESULTS */;
/*!40101 SET @OLD_COLLATION_CONNECTION=@@COLLATION_CONNECTION */;
/*!40101 SET NAMES utf8mb4 */;

--
-- Database: `epl_predictor`
--

-- --------------------------------------------------------

--
-- Table structure for table `gameweeks`
--

CREATE TABLE `gameweeks` (
  `gw` int(11) NOT NULL,
  `name` varchar(32) DEFAULT NULL,
  `deadline_time` datetime DEFAULT NULL,
  `finished` tinyint(4) NOT NULL DEFAULT 0,
  `is_current` tinyint(4) NOT NULL DEFAULT 0,
  `is_next` tinyint(4) NOT NULL DEFAULT 0
) ENGINE=InnoDB DEFAULT CHARSET=utf8mb4 COLLATE=utf8mb4_general_ci;

--
-- Dumping data for table `gameweeks`
--

INSERT INTO `gameweeks` (`gw`, `name`, `deadline_time`, `finished`, `is_current`, `is_next`) VALUES
(1, 'Gameweek 1', '2025-08-15 17:30:00', 1, 0, 0),
(2, 'Gameweek 2', '2025-08-22 17:30:00', 1, 0, 0),
(3, 'Gameweek 3', '2025-08-30 10:00:00', 1, 0, 0),
(4, 'Gameweek 4', '2025-09-13 10:00:00', 1, 0, 0),
(5, 'Gameweek 5', '2025-09-20 10:00:00', 1, 0, 0),
(6, 'Gameweek 6', '2025-09-27 10:00:00', 1, 0, 0),
(7, 'Gameweek 7', '2025-10-03 17:30:00', 1, 0, 0),
(8, 'Gameweek 8', '2025-10-18 10:00:00', 1, 0, 0),
(9, 'Gameweek 9', '2025-10-24 17:30:00', 1, 0, 0),
(10, 'Gameweek 10', '2025-11-01 13:30:00', 1, 0, 0),
(11, 'Gameweek 11', '2025-11-08 11:00:00', 1, 0, 0),
(12, 'Gameweek 12', '2025-11-22 11:00:00', 1, 0, 0),
(13, 'Gameweek 13', '2025-11-29 13:30:00', 1, 0, 0),
(14, 'Gameweek 14', '2025-12-02 18:00:00', 1, 0, 0),
(15, 'Gameweek 15', '2025-12-06 11:00:00', 1, 0, 0),
(16, 'Gameweek 16', '2025-12-13 13:30:00', 1, 1, 0),
(17, 'Gameweek 17', '2025-12-20 11:00:00', 0, 0, 1),
(18, 'Gameweek 18', '2025-12-26 18:30:00', 0, 0, 0),
(19, 'Gameweek 19', '2025-12-30 18:00:00', 0, 0, 0),
(20, 'Gameweek 20', '2026-01-03 11:00:00', 0, 0, 0),
(21, 'Gameweek 21', '2026-01-06 18:30:00', 0, 0, 0),
(22, 'Gameweek 22', '2026-01-17 11:00:00', 0, 0, 0),
(23, 'Gameweek 23', '2026-01-24 11:00:00', 0, 0, 0),
(24, 'Gameweek 24', '2026-01-31 13:30:00', 0, 0, 0),
(25, 'Gameweek 25', '2026-02-06 18:30:00', 0, 0, 0),
(26, 'Gameweek 26', '2026-02-10 18:00:00', 0, 0, 0),
(27, 'Gameweek 27', '2026-02-21 11:00:00', 0, 0, 0),
(28, 'Gameweek 28', '2026-02-27 18:30:00', 0, 0, 0),
(29, 'Gameweek 29', '2026-03-04 18:30:00', 0, 0, 0),
(30, 'Gameweek 30', '2026-03-14 13:30:00', 0, 0, 0),
(31, 'Gameweek 31', '2026-03-21 13:30:00', 0, 0, 0),
(32, 'Gameweek 32', '2026-04-11 12:30:00', 0, 0, 0),
(33, 'Gameweek 33', '2026-04-18 12:30:00', 0, 0, 0),
(34, 'Gameweek 34', '2026-04-25 12:30:00', 0, 0, 0),
(35, 'Gameweek 35', '2026-05-02 12:30:00', 0, 0, 0),
(36, 'Gameweek 36', '2026-05-09 12:30:00', 0, 0, 0),
(37, 'Gameweek 37', '2026-05-17 12:30:00', 0, 0, 0),
(38, 'Gameweek 38', '2026-05-24 13:30:00', 0, 0, 0);

-- --------------------------------------------------------

--
-- Table structure for table `matches`
--

CREATE TABLE `matches` (
  `id` int(11) NOT NULL,
  `gw` int(11) DEFAULT NULL,
  `kickoff_time` datetime DEFAULT NULL,
  `home_team_id` int(11) NOT NULL,
  `away_team_id` int(11) NOT NULL,
  `home_difficulty` tinyint(4) DEFAULT NULL,
  `away_difficulty` tinyint(4) DEFAULT NULL,
  `finished` tinyint(4) NOT NULL DEFAULT 0
) ENGINE=InnoDB DEFAULT CHARSET=utf8mb4 COLLATE=utf8mb4_general_ci;

--
-- Dumping data for table `matches`
--

INSERT INTO `matches` (`id`, `gw`, `kickoff_time`, `home_team_id`, `away_team_id`, `home_difficulty`, `away_difficulty`, `finished`) VALUES
(1, 1, '2025-08-15 19:00:00', 12, 4, 3, 4, 1),
(2, 1, '2025-08-16 11:30:00', 2, 15, 3, 3, 1),
(3, 1, '2025-08-16 14:00:00', 6, 10, 2, 3, 1),
(4, 1, '2025-08-17 13:00:00', 16, 5, 3, 3, 1),
(5, 1, '2025-08-16 14:00:00', 17, 19, 2, 3, 1),
(6, 1, '2025-08-16 14:00:00', 18, 3, 2, 3, 1),
(7, 1, '2025-08-16 16:30:00', 20, 13, 4, 2, 1),
(8, 1, '2025-08-17 13:00:00', 7, 8, 3, 3, 1),
(9, 1, '2025-08-17 15:30:00', 14, 1, 4, 3, 1),
(10, 1, '2025-08-18 19:00:00', 11, 9, 2, 3, 1),
(11, 2, '2025-08-23 16:30:00', 1, 11, 2, 5, 1),
(12, 2, '2025-08-23 14:00:00', 4, 20, 2, 4, 1),
(13, 2, '2025-08-23 14:00:00', 5, 2, 3, 3, 1),
(14, 2, '2025-08-23 14:00:00', 3, 17, 2, 2, 1),
(15, 2, '2025-08-24 13:00:00', 8, 16, 2, 3, 1),
(16, 2, '2025-08-24 13:00:00', 9, 6, 3, 3, 1),
(17, 2, '2025-08-24 15:30:00', 10, 14, 3, 3, 1),
(18, 2, '2025-08-23 11:30:00', 13, 18, 3, 4, 1),
(19, 2, '2025-08-25 19:00:00', 15, 12, 4, 4, 1),
(20, 2, '2025-08-22 19:00:00', 19, 7, 3, 2, 1),
(21, 3, '2025-08-31 18:00:00', 2, 8, 3, 3, 1),
(22, 3, '2025-08-31 13:00:00', 6, 13, 4, 3, 1),
(23, 3, '2025-08-30 11:30:00', 7, 10, 2, 3, 1),
(24, 3, '2025-08-30 16:30:00', 11, 15, 3, 3, 1),
(25, 3, '2025-08-31 15:30:00', 12, 1, 4, 4, 1),
(26, 3, '2025-08-30 14:00:00', 14, 3, 2, 3, 1),
(27, 3, '2025-08-31 13:00:00', 16, 19, 2, 3, 1),
(28, 3, '2025-08-30 14:00:00', 17, 5, 3, 3, 1),
(29, 3, '2025-08-30 14:00:00', 18, 4, 3, 3, 1),
(30, 3, '2025-08-30 14:00:00', 20, 9, 2, 2, 1),
(31, 4, '2025-09-13 11:30:00', 1, 16, 2, 5, 1),
(32, 4, '2025-09-13 14:00:00', 4, 6, 3, 4, 1),
(33, 4, '2025-09-13 19:00:00', 5, 7, 3, 3, 1),
(34, 4, '2025-09-14 13:00:00', 3, 12, 4, 2, 1),
(35, 4, '2025-09-13 14:00:00', 8, 17, 2, 3, 1),
(36, 4, '2025-09-13 14:00:00', 9, 2, 3, 3, 1),
(37, 4, '2025-09-13 14:00:00', 10, 11, 2, 3, 1),
(38, 4, '2025-09-14 15:30:00', 13, 14, 3, 4, 1),
(39, 4, '2025-09-13 14:00:00', 15, 20, 2, 4, 1),
(40, 4, '2025-09-13 16:30:00', 19, 18, 3, 2, 1),
(41, 5, '2025-09-21 15:30:00', 1, 13, 4, 5, 1),
(42, 5, '2025-09-21 13:00:00', 4, 15, 3, 4, 1),
(43, 5, '2025-09-20 14:00:00', 6, 18, 3, 3, 1),
(44, 5, '2025-09-20 14:00:00', 3, 16, 2, 2, 1),
(45, 5, '2025-09-20 19:00:00', 10, 5, 3, 3, 1),
(46, 5, '2025-09-20 11:30:00', 12, 9, 2, 4, 1),
(47, 5, '2025-09-20 16:30:00', 14, 7, 3, 3, 1),
(48, 5, '2025-09-21 13:00:00', 17, 2, 3, 3, 1),
(49, 5, '2025-09-20 14:00:00', 19, 8, 3, 2, 1),
(50, 5, '2025-09-20 14:00:00', 20, 11, 2, 2, 1),
(51, 6, '2025-09-28 13:00:00', 2, 10, 2, 3, 1),
(52, 6, '2025-09-27 11:30:00', 5, 14, 3, 3, 1),
(53, 6, '2025-09-27 14:00:00', 7, 6, 3, 3, 1),
(54, 6, '2025-09-27 14:00:00', 8, 12, 4, 3, 1),
(55, 6, '2025-09-29 19:00:00', 9, 19, 2, 3, 1),
(56, 6, '2025-09-27 14:00:00', 11, 4, 3, 3, 1),
(57, 6, '2025-09-27 14:00:00', 13, 3, 2, 4, 1),
(58, 6, '2025-09-28 15:30:00', 15, 1, 4, 4, 1),
(59, 6, '2025-09-27 16:30:00', 16, 17, 2, 3, 1),
(60, 6, '2025-09-27 19:00:00', 18, 20, 2, 3, 1),
(61, 7, '2025-10-04 14:00:00', 1, 19, 2, 5, 1),
(62, 7, '2025-10-05 13:00:00', 2, 3, 2, 3, 1),
(63, 7, '2025-10-03 19:00:00', 4, 10, 2, 4, 1),
(64, 7, '2025-10-05 15:30:00', 5, 13, 4, 3, 1),
(65, 7, '2025-10-04 16:30:00', 7, 12, 4, 3, 1),
(66, 7, '2025-10-05 13:00:00', 9, 8, 3, 3, 1),
(67, 7, '2025-10-04 11:30:00', 11, 18, 3, 3, 1),
(68, 7, '2025-10-04 14:00:00', 14, 17, 2, 3, 1),
(69, 7, '2025-10-05 13:00:00', 15, 16, 2, 4, 1),
(70, 7, '2025-10-05 13:00:00', 20, 6, 3, 2, 1),
(71, 8, '2025-10-18 14:00:00', 6, 15, 3, 3, 1),
(72, 8, '2025-10-18 14:00:00', 3, 11, 2, 2, 1),
(73, 8, '2025-10-18 14:00:00', 8, 4, 3, 3, 1),
(74, 8, '2025-10-18 16:30:00', 10, 1, 4, 3, 1),
(75, 8, '2025-10-19 15:30:00', 12, 14, 3, 4, 1),
(76, 8, '2025-10-18 14:00:00', 13, 9, 2, 4, 1),
(77, 8, '2025-10-18 11:30:00', 16, 7, 3, 3, 1),
(78, 8, '2025-10-18 14:00:00', 17, 20, 2, 3, 1),
(79, 8, '2025-10-19 13:00:00', 18, 2, 3, 3, 1),
(80, 8, '2025-10-20 19:00:00', 19, 5, 3, 2, 1),
(81, 9, '2025-10-26 14:00:00', 1, 8, 3, 5, 1),
(82, 9, '2025-10-26 14:00:00', 2, 13, 4, 3, 1),
(83, 9, '2025-10-26 14:00:00', 4, 16, 2, 4, 1),
(84, 9, '2025-10-25 19:00:00', 5, 12, 4, 3, 1),
(85, 9, '2025-10-25 14:00:00', 7, 17, 2, 3, 1),
(86, 9, '2025-10-26 16:30:00', 9, 18, 3, 3, 1),
(87, 9, '2025-10-24 19:00:00', 11, 19, 2, 3, 1),
(88, 9, '2025-10-25 16:30:00', 14, 6, 3, 3, 1),
(89, 9, '2025-10-25 14:00:00', 15, 10, 2, 4, 1),
(90, 9, '2025-10-26 14:00:00', 20, 3, 2, 2, 1),
(91, 10, '2025-11-01 15:00:00', 6, 11, 2, 3, 1),
(92, 10, '2025-11-01 15:00:00', 3, 1, 4, 2, 1),
(93, 10, '2025-11-01 15:00:00', 8, 5, 3, 3, 1),
(94, 10, '2025-11-01 15:00:00', 10, 20, 2, 3, 1),
(95, 10, '2025-11-01 20:00:00', 12, 2, 3, 4, 1),
(96, 10, '2025-11-02 16:30:00', 13, 4, 3, 4, 1),
(97, 10, '2025-11-01 15:00:00', 16, 14, 3, 3, 1),
(98, 10, '2025-11-03 20:00:00', 17, 9, 2, 3, 1),
(99, 10, '2025-11-01 17:30:00', 18, 7, 3, 3, 1),
(100, 10, '2025-11-02 14:00:00', 19, 15, 3, 2, 1),
(101, 11, '2025-11-09 14:00:00', 2, 4, 3, 3, 1),
(102, 11, '2025-11-09 14:00:00', 5, 15, 3, 3, 1),
(103, 11, '2025-11-08 20:00:00', 7, 20, 2, 3, 1),
(104, 11, '2025-11-09 14:00:00', 8, 6, 3, 3, 1),
(105, 11, '2025-11-08 15:00:00', 9, 10, 2, 3, 1),
(106, 11, '2025-11-09 16:30:00', 13, 12, 4, 4, 1),
(107, 11, '2025-11-09 14:00:00', 16, 11, 2, 3, 1),
(108, 11, '2025-11-08 17:30:00', 17, 1, 4, 3, 1),
(109, 11, '2025-11-08 12:30:00', 18, 14, 3, 3, 1),
(110, 11, '2025-11-08 15:00:00', 19, 3, 2, 2, 1),
(111, 12, '2025-11-23 16:30:00', 1, 18, 3, 5, 1),
(112, 12, '2025-11-22 15:00:00', 4, 19, 2, 4, 1),
(113, 12, '2025-11-22 15:00:00', 6, 5, 3, 3, 1),
(114, 12, '2025-11-22 12:30:00', 3, 7, 3, 2, 1),
(115, 12, '2025-11-22 15:00:00', 10, 17, 2, 3, 1),
(116, 12, '2025-11-23 14:00:00', 11, 2, 3, 3, 1),
(117, 12, '2025-11-22 15:00:00', 12, 16, 2, 4, 1),
(118, 12, '2025-11-24 20:00:00', 14, 9, 2, 3, 1),
(119, 12, '2025-11-22 17:30:00', 15, 13, 4, 4, 1),
(120, 12, '2025-11-22 15:00:00', 20, 8, 3, 2, 1),
(121, 13, '2025-11-30 14:05:00', 2, 20, 2, 3, 1),
(122, 13, '2025-11-29 15:00:00', 5, 3, 2, 3, 1),
(123, 13, '2025-11-30 16:30:00', 7, 1, 4, 3, 1),
(124, 13, '2025-11-30 12:00:00', 8, 14, 3, 3, 1),
(125, 13, '2025-11-29 17:30:00', 9, 15, 3, 3, 1),
(126, 13, '2025-11-29 15:00:00', 13, 11, 2, 4, 1),
(127, 13, '2025-11-30 14:05:00', 16, 6, 3, 3, 1),
(128, 13, '2025-11-29 15:00:00', 17, 4, 3, 3, 1),
(129, 13, '2025-11-29 20:00:00', 18, 10, 2, 3, 1),
(130, 13, '2025-11-30 14:05:00', 19, 12, 4, 2, 1),
(131, 14, '2025-12-03 19:30:00', 1, 5, 3, 5, 1),
(132, 14, '2025-12-02 19:30:00', 4, 9, 2, 4, 1),
(133, 14, '2025-12-03 19:30:00', 6, 2, 3, 3, 1),
(134, 14, '2025-12-03 19:30:00', 3, 8, 3, 2, 1),
(135, 14, '2025-12-02 19:30:00', 10, 13, 4, 3, 1),
(136, 14, '2025-12-03 20:15:00', 11, 7, 3, 3, 1),
(137, 14, '2025-12-03 20:15:00', 12, 17, 2, 4, 1),
(138, 14, '2025-12-04 20:00:00', 14, 19, 2, 3, 1),
(139, 14, '2025-12-02 20:15:00', 15, 18, 3, 4, 1),
(140, 14, '2025-12-03 19:30:00', 20, 16, 2, 2, 1),
(141, 15, '2025-12-06 12:30:00', 2, 1, 4, 3, 1),
(142, 15, '2025-12-06 15:00:00', 4, 7, 3, 4, 1),
(143, 15, '2025-12-07 14:00:00', 6, 19, 2, 3, 1),
(144, 15, '2025-12-06 15:00:00', 9, 16, 2, 3, 1),
(145, 15, '2025-12-07 16:30:00', 10, 8, 3, 3, 1),
(146, 15, '2025-12-06 17:30:00', 11, 12, 4, 3, 1),
(147, 15, '2025-12-06 15:00:00', 13, 17, 2, 4, 1),
(148, 15, '2025-12-06 15:00:00', 15, 3, 2, 4, 1),
(149, 15, '2025-12-06 15:00:00', 18, 5, 3, 3, 1),
(150, 15, '2025-12-08 20:00:00', 20, 14, 3, 2, 1),
(151, 16, '2025-12-13 20:00:00', 1, 20, 2, 5, 1),
(152, 16, '2025-12-14 16:30:00', 5, 11, 2, 3, 1),
(153, 16, '2025-12-13 17:30:00', 3, 10, 2, 2, 1),
(154, 16, '2025-12-13 15:00:00', 7, 9, 2, 3, 1),
(155, 16, '2025-12-14 14:00:00', 8, 13, 4, 3, 1),
(156, 16, '2025-12-13 15:00:00', 12, 6, 3, 4, 1),
(157, 16, '2025-12-15 20:00:00', 14, 4, 3, 3, 1),
(158, 16, '2025-12-14 14:00:00', 16, 18, 3, 3, 1),
(159, 16, '2025-12-14 14:00:00', 17, 15, 3, 3, 1),
(160, 16, '2025-12-14 14:00:00', 19, 2, 3, 2, 1),
(161, 17, '2025-12-21 16:30:00', 2, 14, 3, 3, 0),
(162, 17, '2025-12-20 15:00:00', 4, 3, 2, 4, 0),
(163, 17, '2025-12-20 15:00:00', 6, 17, 2, 3, 0),
(164, 17, '2025-12-20 20:00:00', 9, 1, 4, 3, 0),
(165, 17, '2025-12-22 20:00:00', 10, 16, 2, 3, 0),
(166, 17, '2025-12-20 20:00:00', 11, 8, 3, 3, 0),
(167, 17, '2025-12-20 15:00:00', 13, 19, 2, 4, 0),
(168, 17, '2025-12-20 12:30:00', 15, 7, 3, 4, 0),
(169, 17, '2025-12-20 17:30:00', 18, 12, 4, 3, 0),
(170, 17, '2025-12-20 15:00:00', 20, 5, 3, 2, 0),
(171, 18, '2025-12-27 15:00:00', 1, 6, 3, 5, 0),
(172, 18, '2025-12-27 15:00:00', 5, 4, 3, 3, 0),
(173, 18, '2025-12-27 15:00:00', 3, 9, 2, 2, 0),
(174, 18, '2025-12-27 17:30:00', 7, 2, 3, 3, 0),
(175, 18, '2025-12-28 16:30:00', 8, 18, 3, 3, 0),
(176, 18, '2025-12-27 15:00:00', 12, 20, 2, 4, 0),
(177, 18, '2025-12-26 20:00:00', 14, 15, 3, 3, 0),
(178, 18, '2025-12-27 12:30:00', 16, 13, 4, 3, 0),
(179, 18, '2025-12-28 14:00:00', 17, 11, 2, 3, 0),
(180, 18, '2025-12-27 15:00:00', 19, 10, 2, 2, 0),
(181, 19, '2025-12-30 20:15:00', 1, 2, 3, 5, 0),
(182, 19, '2026-01-01 20:00:00', 5, 18, 3, 3, 0),
(183, 19, '2025-12-30 19:30:00', 3, 15, 3, 2, 0),
(184, 19, '2025-12-30 19:30:00', 7, 4, 3, 3, 0),
(185, 19, '2026-01-01 17:30:00', 8, 10, 2, 3, 0),
(186, 19, '2026-01-01 17:30:00', 12, 11, 2, 4, 0),
(187, 19, '2025-12-30 20:15:00', 14, 20, 2, 3, 0),
(188, 19, '2025-12-30 19:30:00', 16, 9, 2, 3, 0),
(189, 19, '2026-01-01 20:00:00', 17, 13, 4, 3, 0),
(190, 19, '2025-12-30 19:30:00', 19, 6, 3, 2, 0),
(191, 20, '2026-01-03 12:30:00', 2, 16, 2, 3, 0),
(192, 20, '2026-01-03 17:30:00', 4, 1, 4, 4, 0),
(193, 20, '2026-01-03 15:00:00', 6, 3, 2, 3, 0),
(194, 20, '2026-01-04 15:00:00', 9, 5, 3, 3, 0),
(195, 20, '2026-01-04 15:00:00', 10, 12, 4, 3, 0),
(196, 20, '2026-01-04 12:30:00', 11, 14, 3, 3, 0),
(197, 20, '2026-01-04 17:30:00', 13, 7, 3, 4, 0),
(198, 20, '2026-01-04 15:00:00', 15, 8, 3, 4, 0),
(199, 20, '2026-01-04 15:00:00', 18, 17, 2, 3, 0),
(200, 20, '2026-01-03 15:00:00', 20, 19, 2, 2, 0),
(201, 21, '2026-01-08 20:00:00', 1, 12, 4, 5, 0),
(202, 21, '2026-01-07 19:30:00', 4, 18, 3, 4, 0),
(203, 21, '2026-01-07 19:30:00', 5, 17, 2, 3, 0),
(204, 21, '2026-01-07 20:15:00', 3, 14, 3, 2, 0),
(205, 21, '2026-01-07 19:30:00', 8, 2, 3, 3, 0),
(206, 21, '2026-01-07 19:30:00', 9, 20, 2, 3, 0),
(207, 21, '2026-01-07 19:30:00', 10, 7, 3, 3, 0),
(208, 21, '2026-01-07 19:30:00', 13, 6, 3, 4, 0),
(209, 21, '2026-01-07 20:15:00', 15, 11, 2, 4, 0),
(210, 21, '2026-01-06 20:00:00', 19, 16, 2, 2, 0),
(211, 22, '2026-01-18 16:30:00', 2, 9, 2, 3, 0),
(212, 22, '2026-01-19 20:00:00', 6, 4, 3, 3, 0),
(213, 22, '2026-01-17 15:00:00', 7, 5, 3, 3, 0),
(214, 22, '2026-01-17 15:00:00', 11, 10, 2, 3, 0),
(215, 22, '2026-01-17 15:00:00', 12, 3, 2, 4, 0),
(216, 22, '2026-01-17 12:30:00', 14, 13, 4, 3, 0),
(217, 22, '2026-01-17 17:30:00', 16, 1, 4, 3, 0),
(218, 22, '2026-01-17 15:00:00', 17, 8, 3, 3, 0),
(219, 22, '2026-01-17 15:00:00', 18, 19, 2, 3, 0),
(220, 22, '2026-01-18 14:00:00', 20, 15, 3, 2, 0),
(221, 23, '2026-01-25 16:30:00', 1, 14, 3, 5, 0),
(222, 23, '2026-01-24 17:30:00', 4, 12, 4, 4, 0),
(223, 23, '2026-01-25 14:00:00', 5, 16, 2, 3, 0),
(224, 23, '2026-01-24 15:00:00', 3, 18, 3, 2, 0),
(225, 23, '2026-01-25 14:00:00', 8, 7, 3, 3, 0),
(226, 23, '2026-01-26 20:00:00', 9, 11, 2, 3, 0),
(227, 23, '2026-01-24 15:00:00', 10, 6, 3, 3, 0),
(228, 23, '2026-01-24 15:00:00', 13, 20, 2, 4, 0),
(229, 23, '2026-01-25 14:00:00', 15, 2, 3, 4, 0),
(230, 23, '2026-01-24 12:30:00', 19, 17, 2, 2, 0),
(231, 24, '2026-02-01 14:00:00', 2, 5, 3, 3, 0),
(232, 24, '2026-01-31 15:00:00', 6, 9, 2, 3, 0),
(233, 24, '2026-01-31 17:30:00', 7, 19, 2, 3, 0),
(234, 24, '2026-01-31 15:00:00', 11, 1, 4, 3, 0),
(235, 24, '2026-01-31 20:00:00', 12, 15, 3, 4, 0),
(236, 24, '2026-02-01 14:00:00', 14, 10, 2, 3, 0),
(237, 24, '2026-02-01 14:00:00', 16, 8, 3, 3, 0),
(238, 24, '2026-02-02 20:00:00', 17, 3, 2, 3, 0),
(239, 24, '2026-02-01 16:30:00', 18, 13, 4, 3, 0),
(240, 24, '2026-01-31 15:00:00', 20, 4, 3, 2, 0),
(241, 25, '2026-02-07 15:00:00', 1, 17, 2, 5, 0),
(242, 25, '2026-02-07 15:00:00', 4, 2, 3, 4, 0),
(243, 25, '2026-02-08 14:00:00', 6, 8, 3, 3, 0),
(244, 25, '2026-02-07 15:00:00', 3, 19, 2, 2, 0),
(245, 25, '2026-02-07 15:00:00', 10, 9, 2, 3, 0),
(246, 25, '2026-02-06 20:00:00', 11, 16, 2, 3, 0),
(247, 25, '2026-02-08 16:30:00', 12, 13, 4, 4, 0),
(248, 25, '2026-02-07 12:30:00', 14, 18, 3, 3, 0),
(249, 25, '2026-02-07 17:30:00', 15, 5, 3, 4, 0),
(250, 25, '2026-02-07 15:00:00', 20, 7, 3, 2, 0),
(251, 26, '2026-02-11 19:30:00', 2, 6, 3, 3, 0),
(252, 26, '2026-02-12 20:00:00', 5, 1, 4, 3, 0),
(253, 26, '2026-02-10 19:30:00', 7, 11, 2, 3, 0),
(254, 26, '2026-02-11 19:30:00', 8, 3, 2, 3, 0),
(255, 26, '2026-02-10 19:30:00', 9, 4, 3, 3, 0),
(256, 26, '2026-02-11 19:30:00', 13, 10, 2, 4, 0),
(257, 26, '2026-02-11 19:30:00', 16, 20, 2, 3, 0),
(258, 26, '2026-02-11 20:15:00', 17, 12, 4, 3, 0),
(259, 26, '2026-02-10 19:30:00', 18, 15, 3, 3, 0),
(260, 26, '2026-02-10 20:15:00', 19, 14, 3, 2, 0),
(261, 27, '2026-02-21 15:00:00', 2, 11, 2, 3, 0),
(262, 27, '2026-02-21 15:00:00', 5, 6, 3, 3, 0),
(263, 27, '2026-02-21 15:00:00', 7, 3, 2, 3, 0),
(264, 27, '2026-02-21 15:00:00', 8, 20, 2, 3, 0),
(265, 27, '2026-02-23 20:00:00', 9, 14, 3, 3, 0),
(266, 27, '2026-02-21 12:30:00', 13, 15, 3, 4, 0),
(267, 27, '2026-02-21 15:00:00', 16, 12, 4, 3, 0),
(268, 27, '2026-02-22 14:00:00', 17, 10, 2, 3, 0),
(269, 27, '2026-02-22 16:30:00', 18, 1, 4, 3, 0),
(270, 27, '2026-02-21 17:30:00', 19, 4, 3, 2, 0),
(271, 28, '2026-03-01 16:30:00', 1, 7, 3, 5, 0),
(272, 28, '2026-02-28 12:30:00', 4, 17, 2, 4, 0),
(273, 28, '2026-02-28 15:00:00', 6, 16, 2, 3, 0),
(274, 28, '2026-02-28 15:00:00', 3, 5, 3, 2, 0),
(275, 28, '2026-03-01 14:00:00', 10, 18, 3, 3, 0),
(276, 28, '2026-02-28 17:30:00', 11, 13, 4, 3, 0),
(277, 28, '2026-02-28 15:00:00', 12, 19, 2, 4, 0),
(278, 28, '2026-02-28 15:00:00', 14, 8, 3, 3, 0),
(279, 28, '2026-02-28 15:00:00', 15, 9, 2, 4, 0),
(280, 28, '2026-02-27 20:00:00', 20, 2, 3, 2, 0),
(281, 29, '2026-03-04 20:00:00', 2, 7, 3, 3, 0),
(282, 29, '2026-03-04 20:00:00', 4, 5, 3, 4, 0),
(283, 29, '2026-03-04 20:00:00', 6, 1, 4, 3, 0),
(284, 29, '2026-03-04 20:00:00', 9, 3, 2, 3, 0),
(285, 29, '2026-03-04 20:00:00', 10, 19, 2, 3, 0),
(286, 29, '2026-03-04 20:00:00', 11, 17, 2, 3, 0),
(287, 29, '2026-03-04 20:00:00', 13, 16, 2, 4, 0),
(288, 29, '2026-03-04 20:00:00', 15, 14, 3, 4, 0),
(289, 29, '2026-03-04 20:00:00', 18, 8, 3, 3, 0),
(290, 29, '2026-03-04 20:00:00', 20, 12, 4, 2, 0),
(291, 30, '2026-03-14 15:00:00', 1, 9, 2, 5, 0),
(292, 30, '2026-03-14 15:00:00', 5, 20, 2, 3, 0),
(293, 30, '2026-03-14 15:00:00', 3, 4, 3, 2, 0),
(294, 30, '2026-03-14 15:00:00', 7, 15, 3, 3, 0),
(295, 30, '2026-03-14 15:00:00', 8, 11, 2, 3, 0),
(296, 30, '2026-03-14 15:00:00', 12, 18, 3, 4, 0),
(297, 30, '2026-03-14 15:00:00', 14, 2, 3, 3, 0),
(298, 30, '2026-03-14 15:00:00', 16, 10, 2, 3, 0),
(299, 30, '2026-03-14 15:00:00', 17, 6, 3, 3, 0),
(300, 30, '2026-03-14 15:00:00', 19, 13, 4, 2, 0),
(301, 31, '2026-03-21 15:00:00', 2, 19, 2, 3, 0),
(302, 31, '2026-03-21 15:00:00', 4, 14, 3, 4, 0),
(303, 31, '2026-03-21 15:00:00', 6, 12, 4, 3, 0),
(304, 31, '2026-03-21 15:00:00', 9, 7, 3, 3, 0),
(305, 31, '2026-03-21 15:00:00', 10, 3, 2, 3, 0),
(306, 31, '2026-03-21 15:00:00', 11, 5, 3, 3, 0),
(307, 31, '2026-03-21 15:00:00', 13, 8, 3, 4, 0),
(308, 31, '2026-03-21 15:00:00', 15, 17, 2, 4, 0),
(309, 31, '2026-03-21 15:00:00', 18, 16, 2, 3, 0),
(310, 31, '2026-03-21 15:00:00', 20, 1, 4, 2, 0),
(311, 32, '2026-04-11 14:00:00', 1, 4, 3, 5, 0),
(312, 32, '2026-04-11 14:00:00', 5, 9, 2, 3, 0),
(313, 32, '2026-04-11 14:00:00', 3, 6, 3, 2, 0),
(314, 32, '2026-04-11 14:00:00', 7, 13, 4, 3, 0),
(315, 32, '2026-04-11 14:00:00', 8, 15, 3, 3, 0),
(316, 32, '2026-04-11 14:00:00', 12, 10, 2, 4, 0),
(317, 32, '2026-04-11 14:00:00', 14, 11, 2, 3, 0),
(318, 32, '2026-04-11 14:00:00', 16, 2, 3, 3, 0),
(319, 32, '2026-04-11 14:00:00', 17, 18, 3, 3, 0),
(320, 32, '2026-04-11 14:00:00', 19, 20, 2, 2, 0),
(321, 33, '2026-04-18 14:00:00', 2, 17, 2, 3, 0),
(322, 33, '2026-04-18 14:00:00', 5, 10, 2, 3, 0),
(323, 33, '2026-04-18 14:00:00', 7, 14, 3, 3, 0),
(324, 33, '2026-04-18 14:00:00', 8, 19, 2, 3, 0),
(325, 33, '2026-04-18 14:00:00', 9, 12, 4, 3, 0),
(326, 33, '2026-04-18 14:00:00', 11, 20, 2, 3, 0),
(327, 33, '2026-04-18 14:00:00', 13, 1, 4, 4, 0),
(328, 33, '2026-04-18 14:00:00', 15, 4, 3, 4, 0),
(329, 33, '2026-04-18 14:00:00', 16, 3, 2, 3, 0),
(330, 33, '2026-04-18 14:00:00', 18, 6, 3, 3, 0),
(331, 34, '2026-04-25 14:00:00', 1, 15, 3, 5, 0),
(332, 34, '2026-04-25 14:00:00', 4, 11, 2, 4, 0),
(333, 34, '2026-04-25 14:00:00', 6, 7, 3, 3, 0),
(334, 34, '2026-04-25 14:00:00', 3, 13, 4, 2, 0),
(335, 34, '2026-04-25 14:00:00', 10, 2, 3, 3, 0),
(336, 34, '2026-04-25 14:00:00', 12, 8, 3, 4, 0),
(337, 34, '2026-04-25 14:00:00', 14, 5, 3, 3, 0),
(338, 34, '2026-04-25 14:00:00', 17, 16, 2, 3, 0),
(339, 34, '2026-04-25 14:00:00', 19, 9, 2, 2, 0),
(340, 34, '2026-04-25 14:00:00', 20, 18, 3, 2, 0),
(341, 35, '2026-05-02 14:00:00', 1, 10, 2, 5, 0),
(342, 35, '2026-05-02 14:00:00', 2, 18, 3, 3, 0),
(343, 35, '2026-05-02 14:00:00', 4, 8, 3, 4, 0),
(344, 35, '2026-05-02 14:00:00', 5, 19, 2, 3, 0),
(345, 35, '2026-05-02 14:00:00', 7, 16, 2, 3, 0),
(346, 35, '2026-05-02 14:00:00', 9, 13, 4, 3, 0),
(347, 35, '2026-05-02 14:00:00', 11, 3, 2, 3, 0),
(348, 35, '2026-05-02 14:00:00', 14, 12, 4, 3, 0),
(349, 35, '2026-05-02 14:00:00', 15, 6, 3, 4, 0),
(350, 35, '2026-05-02 14:00:00', 20, 17, 2, 2, 0),
(351, 36, '2026-05-09 14:00:00', 6, 20, 2, 3, 0),
(352, 36, '2026-05-09 14:00:00', 3, 2, 3, 2, 0),
(353, 36, '2026-05-09 14:00:00', 8, 9, 2, 3, 0),
(354, 36, '2026-05-09 14:00:00', 10, 4, 3, 3, 0),
(355, 36, '2026-05-09 14:00:00', 12, 7, 3, 4, 0),
(356, 36, '2026-05-09 14:00:00', 13, 5, 3, 4, 0),
(357, 36, '2026-05-09 14:00:00', 16, 15, 3, 3, 0),
(358, 36, '2026-05-09 14:00:00', 17, 14, 3, 3, 0),
(359, 36, '2026-05-09 14:00:00', 18, 11, 2, 3, 0),
(360, 36, '2026-05-09 14:00:00', 19, 1, 4, 2, 0),
(361, 37, '2026-05-17 14:00:00', 1, 3, 2, 5, 0),
(362, 37, '2026-05-17 14:00:00', 2, 12, 4, 3, 0),
(363, 37, '2026-05-17 14:00:00', 4, 13, 4, 4, 0),
(364, 37, '2026-05-17 14:00:00', 5, 8, 3, 3, 0),
(365, 37, '2026-05-17 14:00:00', 7, 18, 3, 3, 0),
(366, 37, '2026-05-17 14:00:00', 9, 17, 2, 3, 0),
(367, 37, '2026-05-17 14:00:00', 11, 6, 3, 3, 0),
(368, 37, '2026-05-17 14:00:00', 14, 16, 2, 3, 0),
(369, 37, '2026-05-17 14:00:00', 15, 19, 2, 4, 0),
(370, 37, '2026-05-17 14:00:00', 20, 10, 2, 2, 0),
(371, 38, '2026-05-24 15:00:00', 6, 14, 3, 3, 0),
(372, 38, '2026-05-24 15:00:00', 3, 20, 2, 2, 0),
(373, 38, '2026-05-24 15:00:00', 8, 1, 4, 3, 0),
(374, 38, '2026-05-24 15:00:00', 10, 15, 3, 3, 0),
(375, 38, '2026-05-24 15:00:00', 12, 5, 3, 4, 0),
(376, 38, '2026-05-24 15:00:00', 13, 2, 3, 4, 0),
(377, 38, '2026-05-24 15:00:00', 16, 4, 3, 3, 0),
(378, 38, '2026-05-24 15:00:00', 17, 7, 3, 3, 0),
(379, 38, '2026-05-24 15:00:00', 18, 9, 2, 3, 0),
(380, 38, '2026-05-24 15:00:00', 19, 11, 2, 2, 0);

-- --------------------------------------------------------

--
-- Table structure for table `players`
--

CREATE TABLE `players` (
  `id` int(11) NOT NULL,
  `name` varchar(128) NOT NULL,
  `team_id` int(11) NOT NULL,
  `position` enum('GK','DEF','MID','FWD') NOT NULL,
  `price` decimal(5,2) NOT NULL DEFAULT 5.00,
  `status` enum('fit','injured','doubt','suspended','unknown') NOT NULL DEFAULT 'fit',
  `chance_playing_next` tinyint(4) DEFAULT NULL,
  `chance_playing_this` tinyint(4) DEFAULT NULL,
  `selected_by_percent` decimal(6,3) DEFAULT NULL,
  `form` decimal(6,3) DEFAULT NULL,
  `points_per_game` decimal(6,3) DEFAULT NULL,
  `total_points` int(11) DEFAULT NULL,
  `now_cost` int(11) DEFAULT NULL,
  `photo` varchar(64) DEFAULT NULL
) ENGINE=InnoDB DEFAULT CHARSET=utf8mb4 COLLATE=utf8mb4_general_ci;

--
-- Dumping data for table `players`
--

INSERT INTO `players` (`id`, `name`, `team_id`, `position`, `price`, `status`, `chance_playing_next`, `chance_playing_this`, `selected_by_percent`, `form`, `points_per_game`, `total_points`, `now_cost`, `photo`) VALUES
(1, 'Raya', 1, 'GK', 6.00, 'fit', NULL, NULL, 36.500, 3.000, 4.200, 68, 60, '154561.jpg'),
(2, 'Arrizabalaga', 1, 'GK', 4.10, 'fit', NULL, NULL, 0.400, 0.000, 0.000, 0, 41, '109745.jpg'),
(3, 'Hein', 1, 'GK', 4.00, 'doubt', 0, 0, 0.200, 0.000, 0.000, 0, 40, '463748.jpg'),
(4, 'Setford', 1, 'GK', 3.90, 'fit', NULL, NULL, 0.200, 0.000, 0.000, 0, 39, '551221.jpg'),
(5, 'Gabriel', 1, 'DEF', 6.20, 'injured', 0, 0, 13.200, 0.000, 7.400, 81, 62, '226597.jpg'),
(6, 'Saliba', 1, 'DEF', 5.90, 'fit', 100, 75, 10.700, 0.800, 3.600, 43, 59, '462424.jpg'),
(7, 'Calafiori', 1, 'DEF', 5.70, 'fit', 100, 0, 9.900, 2.000, 4.700, 71, 57, '466075.jpg'),
(8, 'J.Timber', 1, 'DEF', 6.50, 'fit', 100, 75, 33.100, 2.600, 5.000, 80, 65, '445122.jpg'),
(9, 'Kiwior', 1, 'DEF', 5.40, 'doubt', 0, 0, 0.100, 0.000, 0.000, 0, 54, '440854.jpg'),
(10, 'Lewis-Skelly', 1, 'DEF', 5.10, 'fit', NULL, NULL, 1.800, 0.600, 0.800, 9, 51, '499169.jpg'),
(11, 'White', 1, 'DEF', 5.40, 'doubt', 75, 100, 2.100, 3.200, 5.500, 22, 54, '198869.jpg'),
(12, 'Zinchenko', 16, 'DEF', 4.90, 'fit', 100, 100, 0.200, 0.000, 1.700, 5, 49, '206325.jpg'),
(13, 'Clarke', 1, 'DEF', 3.80, 'fit', NULL, NULL, 0.500, 0.000, 0.000, 0, 38, '563324.jpg'),
(14, 'Kacurri', 1, 'DEF', 3.90, 'doubt', 0, 0, 0.100, 0.000, 0.000, 0, 39, '588793.jpg'),
(15, 'Nichols', 1, 'DEF', 3.80, 'fit', NULL, NULL, 0.200, 0.000, 0.000, 0, 38, '499167.jpg'),
(16, 'Saka', 1, 'MID', 10.30, 'fit', 100, 100, 22.800, 6.000, 5.400, 75, 103, '223340.jpg'),
(17, 'Ødegaard', 1, 'MID', 7.80, 'fit', 100, 100, 1.600, 1.400, 2.000, 20, 78, '184029.jpg'),
(18, 'Madueke', 1, 'MID', 6.80, 'fit', 100, 100, 0.900, 1.200, 1.800, 16, 68, '248857.jpg'),
(19, 'Martinelli', 1, 'MID', 6.80, 'fit', 100, 100, 0.900, 1.200, 1.800, 22, 68, '444145.jpg'),
(20, 'Trossard', 1, 'MID', 6.90, 'fit', 100, 75, 0.800, 3.800, 4.900, 59, 69, '116216.jpg'),
(21, 'Rice', 1, 'MID', 7.10, 'fit', 100, 75, 22.200, 4.200, 5.400, 86, 71, '204480.jpg'),
(22, 'Merino', 1, 'MID', 6.10, 'fit', NULL, NULL, 4.000, 5.800, 3.500, 52, 61, '195384.jpg'),
(23, 'Fábio Vieira', 1, 'MID', 5.40, 'doubt', 0, 0, 0.000, 0.000, 0.000, 0, 54, '438098.jpg'),
(24, 'Nørgaard', 1, 'MID', 5.20, 'fit', 100, 100, 0.100, 0.000, 1.000, 2, 52, '128295.jpg'),
(25, 'Nwaneri', 1, 'MID', 5.10, 'fit', NULL, NULL, 0.100, 0.200, 1.300, 8, 51, '499175.jpg'),
(26, 'Zubimendi', 1, 'MID', 5.20, 'fit', 100, 100, 2.300, 1.600, 3.500, 56, 52, '481655.jpg'),
(27, 'Nelson', 5, 'MID', 4.80, 'doubt', 75, 75, 0.100, 0.200, 1.000, 3, 48, '200641.jpg'),
(28, 'Kabia', 1, 'MID', 4.50, 'doubt', 0, 0, 0.100, 0.000, 0.000, 0, 45, '588796.jpg'),
(29, 'Sambi', 1, 'MID', 4.50, 'doubt', 0, 0, 0.100, 0.000, 0.000, 0, 45, '437742.jpg'),
(30, 'Havertz', 1, 'FWD', 7.30, 'injured', 0, 0, 0.300, 0.000, 1.000, 1, 73, '219847.jpg'),
(31, 'G.Jesus', 1, 'FWD', 6.40, 'fit', 100, 100, 0.200, 0.200, 1.000, 1, 64, '205651.jpg'),
(32, 'Martinez', 2, 'GK', 5.10, 'doubt', 75, 75, 3.300, 2.800, 4.500, 54, 51, '98980.jpg'),
(33, 'M.Bizot', 2, 'GK', 4.20, 'fit', NULL, NULL, 0.400, 0.400, 2.200, 9, 42, '72147.jpg'),
(34, 'Gauci', 2, 'GK', 4.00, 'doubt', 0, 0, 0.100, 0.000, 0.000, 0, 40, '462492.jpg'),
(35, 'Marschall', 2, 'GK', 4.00, 'doubt', 0, 0, 0.000, 0.000, 0.000, 0, 40, '462381.jpg'),
(36, 'Cash', 2, 'DEF', 4.90, 'fit', 100, 100, 13.400, 4.200, 4.600, 73, 49, '199796.jpg'),
(37, 'Digne', 2, 'DEF', 4.50, 'fit', 100, 100, 1.800, 2.000, 3.500, 52, 45, '101188.jpg'),
(38, 'Konsa', 2, 'DEF', 4.40, 'fit', 100, 100, 7.800, 2.800, 3.100, 47, 44, '199798.jpg'),
(39, 'Maatsen', 2, 'DEF', 4.20, 'fit', NULL, NULL, 0.500, 1.000, 1.000, 11, 42, '441302.jpg'),
(40, 'Mings', 2, 'DEF', 4.30, 'injured', 0, 0, 0.600, 0.000, 3.400, 24, 43, '149484.jpg'),
(41, 'Pau', 2, 'DEF', 4.30, 'injured', 0, 75, 0.500, 2.800, 3.200, 39, 43, '244954.jpg'),
(42, 'A.García', 2, 'DEF', 3.90, 'fit', 100, 100, 0.200, 0.000, 0.000, 0, 39, '606798.jpg'),
(43, 'Alex Moreno', 2, 'DEF', 4.00, 'doubt', 0, 0, 1.900, 0.000, 0.000, 0, 40, '106468.jpg'),
(44, 'Bogarde', 2, 'DEF', 4.00, 'fit', 100, 100, 0.600, 0.800, 1.800, 20, 40, '515597.jpg'),
(45, 'Sousa', 2, 'DEF', 3.90, 'fit', NULL, NULL, 0.300, 0.000, 0.000, 0, 39, '514315.jpg'),
(46, 'Yasin', 2, 'DEF', 4.00, 'doubt', 0, 0, 0.100, 0.000, 0.000, 0, 40, '587178.jpg'),
(47, 'Rogers', 2, 'MID', 7.10, 'fit', 100, 100, 13.400, 8.200, 4.800, 76, 71, '244850.jpg'),
(48, 'Tielemans', 2, 'MID', 5.90, 'fit', 100, 100, 0.700, 2.800, 2.600, 26, 59, '166989.jpg'),
(49, 'Bailey', 2, 'MID', 5.50, 'doubt', 0, 0, 0.100, 0.000, 0.000, 0, 55, '215711.jpg'),
(50, 'Buendía', 2, 'MID', 5.30, 'fit', 100, 100, 0.500, 2.000, 3.500, 49, 53, '195546.jpg'),
(51, 'Iling Jr', 2, 'MID', 5.50, 'doubt', 0, 0, 0.000, 0.000, 0.000, 0, 55, '469247.jpg'),
(52, 'J.Ramsey', 15, 'MID', 5.30, 'fit', 100, 100, 0.200, 0.400, 1.000, 7, 53, '232653.jpg'),
(53, 'Malen', 2, 'MID', 5.10, 'fit', NULL, NULL, 0.900, 3.000, 2.900, 47, 51, '204646.jpg'),
(54, 'McGinn', 2, 'MID', 5.40, 'fit', NULL, NULL, 0.700, 3.000, 2.800, 45, 54, '122806.jpg'),
(55, 'Barkley', 2, 'MID', 4.80, 'injured', 0, 0, 0.000, 1.000, 2.100, 15, 48, '88894.jpg'),
(56, 'Barrenechea', 2, 'MID', 5.00, 'doubt', 0, 0, 0.000, 0.000, 0.000, 0, 50, '491287.jpg'),
(57, 'Dobbin', 2, 'MID', 5.00, 'doubt', 0, 0, 0.000, 0.000, 0.000, 0, 50, '461421.jpg'),
(58, 'Kamara', 2, 'MID', 4.90, 'fit', 100, 100, 0.600, 5.600, 3.600, 51, 49, '226944.jpg'),
(59, 'Onana', 2, 'MID', 4.80, 'fit', 100, 100, 0.800, 3.200, 3.600, 40, 48, '449871.jpg'),
(60, 'Broggio', 2, 'MID', 4.50, 'fit', NULL, NULL, 0.300, 0.000, 0.000, 0, 45, '577731.jpg'),
(61, 'Dendoncker', 2, 'MID', 4.50, 'doubt', 0, 0, 0.100, 0.000, 0.000, 0, 45, '151589.jpg'),
(62, 'Jimoh-Aloba', 2, 'MID', 4.50, 'fit', NULL, NULL, 0.100, 0.000, 0.000, 0, 45, '559962.jpg'),
(63, 'Young', 2, 'MID', 4.30, 'fit', NULL, NULL, 0.600, 0.000, 0.000, 0, 43, '537403.jpg'),
(64, 'Watkins', 2, 'FWD', 8.50, 'fit', 100, 100, 7.600, 4.600, 3.100, 50, 85, '178301.jpg'),
(65, 'Redmond', 2, 'FWD', 4.50, 'doubt', 0, 0, 0.300, 0.000, 0.000, 0, 45, '576756.jpg'),
(66, 'Neto', 4, 'GK', 4.50, 'doubt', 0, 0, 0.100, 0.000, 0.000, 0, 45, '69752.jpg'),
(67, 'Petrović', 4, 'GK', 4.50, 'fit', NULL, NULL, 5.600, 2.600, 3.300, 53, 45, '457569.jpg'),
(68, 'Dennis', 4, 'GK', 4.00, 'fit', NULL, NULL, 0.900, 0.000, 0.000, 0, 40, '444172.jpg'),
(69, 'McKenna', 4, 'GK', 4.00, 'fit', NULL, NULL, 0.200, 0.000, 0.000, 0, 40, '568791.jpg'),
(70, 'Paulsen', 4, 'GK', 4.00, 'doubt', 0, 0, 0.100, 0.000, 0.000, 0, 40, '495145.jpg'),
(71, 'Zabarnyi', 4, 'DEF', 5.00, 'doubt', 0, 0, 0.000, 0.000, 0.000, 0, 50, '477580.jpg'),
(72, 'Senesi', 4, 'DEF', 4.90, 'fit', 100, 75, 16.300, 2.800, 4.800, 72, 49, '221466.jpg'),
(73, 'Smith', 4, 'DEF', 4.40, 'fit', 100, 100, 0.200, 2.000, 2.400, 19, 44, '54469.jpg'),
(74, 'Truffert', 4, 'DEF', 4.50, 'fit', NULL, NULL, 2.300, 2.200, 3.500, 56, 45, '494521.jpg'),
(75, 'Akinmboni', 4, 'DEF', 3.80, 'doubt', 25, 25, 0.200, 0.000, 0.000, 0, 38, '541462.jpg'),
(76, 'Bevan', 4, 'DEF', 3.90, 'fit', NULL, NULL, 0.200, 0.000, 0.000, 0, 39, '518906.jpg'),
(77, 'Hill', 4, 'DEF', 3.90, 'fit', NULL, NULL, 0.700, 0.400, 2.100, 19, 39, '463981.jpg'),
(78, 'J.Araujo', 4, 'DEF', 3.80, 'fit', 100, 100, 0.700, 0.000, 0.000, 0, 38, '436893.jpg'),
(79, 'Mepham', 4, 'DEF', 4.00, 'doubt', 0, 0, 0.100, 0.000, 0.000, 0, 40, '223911.jpg'),
(80, 'Soler', 4, 'DEF', 4.00, 'fit', 100, 100, 0.200, 0.200, 1.000, 2, 40, '575901.jpg'),
(81, 'Kluivert', 4, 'MID', 7.00, 'fit', 100, 100, 0.800, 1.600, 1.900, 26, 70, '222683.jpg'),
(82, 'Semenyo', 4, 'MID', 7.60, 'fit', 100, 100, 43.400, 2.800, 5.900, 89, 76, '437730.jpg'),
(83, 'O.Dango', 5, 'MID', 6.00, 'doubt', 0, 100, 1.300, 5.000, 4.300, 64, 60, '533463.jpg'),
(84, 'Tavernier', 4, 'MID', 5.60, 'fit', NULL, NULL, 2.300, 5.200, 4.600, 73, 56, '201658.jpg'),
(85, 'Adams', 4, 'MID', 5.00, 'doubt', 50, 100, 0.400, 2.600, 3.300, 50, 50, '200785.jpg'),
(86, 'Brooks', 4, 'MID', 5.00, 'fit', 100, 100, 0.200, 0.600, 1.700, 24, 50, '111317.jpg'),
(87, 'Christie', 4, 'MID', 4.90, 'injured', 0, 0, 0.100, 0.200, 1.700, 17, 49, '158499.jpg'),
(88, 'Cook', 4, 'MID', 4.90, 'fit', 100, 0, 0.000, 0.400, 1.000, 7, 49, '155408.jpg'),
(89, 'Philip', 4, 'MID', 4.90, 'doubt', 0, 0, 0.000, 0.000, 0.000, 0, 49, '168991.jpg'),
(90, 'Scott', 4, 'MID', 5.00, 'fit', NULL, NULL, 0.300, 2.400, 3.000, 48, 50, '503139.jpg'),
(91, 'Sinisterra', 4, 'MID', 5.00, 'doubt', 0, 0, 0.000, 0.000, 0.000, 0, 50, '224995.jpg'),
(92, 'Faivre', 4, 'MID', 4.50, 'doubt', 0, 0, 0.100, 0.000, 0.000, 0, 45, '441240.jpg'),
(93, 'H.Traorè', 4, 'MID', 4.50, 'doubt', 0, 0, 0.300, 0.000, 4.000, 4, 45, '424044.jpg'),
(94, 'Sadi', 4, 'MID', 4.50, 'doubt', 0, 0, 0.000, 0.000, 0.000, 0, 45, '550596.jpg'),
(95, 'Silcott-Duberry', 4, 'MID', 4.40, 'doubt', 0, 0, 0.100, 0.000, 0.000, 0, 44, '530121.jpg'),
(96, 'Winterburn', 4, 'MID', 4.50, 'doubt', 0, 0, 0.000, 0.000, 1.000, 1, 45, '606775.jpg'),
(97, 'Evanilson', 4, 'FWD', 7.00, 'fit', 100, 100, 1.700, 3.800, 3.100, 44, 70, '444102.jpg'),
(98, 'Enes Ünal', 4, 'FWD', 5.40, 'fit', 100, 100, 0.000, 1.600, 1.800, 9, 54, '168636.jpg'),
(99, 'Adu-Adjei', 4, 'FWD', 4.40, 'doubt', 0, 0, 0.200, 0.000, 0.000, 0, 44, '590760.jpg'),
(100, 'Kroupi.Jr', 4, 'FWD', 4.60, 'fit', NULL, NULL, 4.000, 2.000, 3.300, 40, 46, '560262.jpg'),
(101, 'Kelleher', 5, 'GK', 4.50, 'fit', 100, 100, 8.200, 2.200, 2.700, 43, 45, '200720.jpg'),
(102, 'Balcombe', 5, 'GK', 4.00, 'fit', NULL, NULL, 0.300, 0.000, 0.000, 0, 40, '235448.jpg'),
(103, 'Cox', 5, 'GK', 3.90, 'fit', NULL, NULL, 0.200, 0.000, 0.000, 0, 39, '503300.jpg'),
(104, 'Eyestone', 5, 'GK', 3.90, 'fit', NULL, NULL, 0.100, 0.000, 0.000, 0, 39, '535017.jpg'),
(105, 'Valdimarsson', 5, 'GK', 3.90, 'fit', NULL, NULL, 0.700, 0.000, 0.000, 0, 39, '507433.jpg'),
(106, 'Collins', 5, 'DEF', 4.90, 'fit', NULL, NULL, 1.600, 2.600, 2.800, 45, 49, '432830.jpg'),
(107, 'Lewis-Potter', 5, 'DEF', 4.80, 'fit', NULL, NULL, 0.300, 1.800, 2.100, 30, 48, '249231.jpg'),
(108, 'Ajer', 5, 'DEF', 4.40, 'fit', 100, 100, 0.200, 1.000, 2.200, 24, 44, '191866.jpg'),
(109, 'Henry', 5, 'DEF', 4.30, 'fit', NULL, NULL, 0.100, 1.600, 1.200, 14, 43, '194010.jpg'),
(110, 'Kayode', 5, 'DEF', 4.50, 'fit', NULL, NULL, 0.700, 1.800, 2.700, 43, 45, '607464.jpg'),
(111, 'Pinnock', 5, 'DEF', 4.20, 'fit', 100, 100, 0.100, 0.800, 1.300, 4, 42, '231065.jpg'),
(112, 'Roerslev', 5, 'DEF', 4.50, 'doubt', 0, 0, 0.000, 0.000, 0.000, 0, 45, '226956.jpg'),
(113, 'Van den Berg', 5, 'DEF', 4.50, 'fit', NULL, NULL, 1.200, 2.200, 2.800, 45, 45, '444765.jpg'),
(114, 'Arthur', 5, 'DEF', 3.90, 'fit', 100, 100, 0.200, 0.000, 0.000, 0, 39, '622536.jpg'),
(115, 'Fredrick', 5, 'DEF', 4.00, 'doubt', 0, 0, 0.100, 0.000, 0.000, 0, 40, '612534.jpg'),
(116, 'Hickey', 5, 'DEF', 4.00, 'fit', 100, 100, 0.500, 3.200, 2.400, 24, 40, '472713.jpg'),
(117, 'Ji-soo', 5, 'DEF', 3.90, 'doubt', 0, 0, 0.100, 0.000, 0.000, 0, 39, '570241.jpg'),
(118, 'Meghoma', 5, 'DEF', 4.00, 'doubt', 0, 0, 0.000, 0.000, 0.000, 0, 40, '499717.jpg'),
(119, 'Mbeumo', 14, 'MID', 8.20, 'doubt', 0, NULL, 17.000, 2.800, 4.600, 74, 82, '446008.jpg'),
(120, 'Schade', 5, 'MID', 7.00, 'fit', 100, 0, 0.700, 1.400, 3.100, 47, 70, '513418.jpg'),
(121, 'Damsgaard', 5, 'MID', 5.80, 'fit', NULL, NULL, 0.600, 2.000, 3.100, 43, 58, '440089.jpg'),
(122, 'Milambo', 5, 'MID', 5.20, 'injured', 0, 0, 0.000, 0.000, 1.000, 1, 52, '543295.jpg'),
(123, 'Carvalho', 5, 'MID', 4.70, 'injured', 0, 0, 0.100, 0.000, 2.200, 13, 47, '244858.jpg'),
(124, 'Henderson', 5, 'MID', 5.00, 'doubt', 75, NULL, 0.500, 4.800, 3.300, 53, 50, '56979.jpg'),
(125, 'Janelt', 5, 'MID', 4.90, 'fit', 100, 100, 0.000, 1.200, 1.500, 16, 49, '204580.jpg'),
(126, 'Jensen', 5, 'MID', 4.90, 'fit', NULL, NULL, 0.100, 1.800, 2.100, 30, 49, '207283.jpg'),
(127, 'Nunes', 5, 'MID', 4.90, 'fit', 100, 100, 0.000, 0.000, 0.000, 0, 49, '626464.jpg'),
(128, 'Onyeka', 5, 'MID', 4.80, 'doubt', 0, NULL, 0.000, 0.000, 2.000, 12, 48, '428580.jpg'),
(129, 'Yarmoliuk', 5, 'MID', 5.00, 'fit', 100, 100, 0.100, 1.200, 2.400, 39, 50, '508395.jpg'),
(130, 'Donovan', 5, 'MID', 4.40, 'fit', NULL, NULL, 0.100, 0.000, 0.000, 0, 44, '606689.jpg'),
(131, 'Konak', 5, 'MID', 4.30, 'fit', NULL, NULL, 0.200, 0.000, 0.000, 0, 43, '628204.jpg'),
(132, 'Maghoma', 5, 'MID', 4.50, 'fit', 100, 100, 0.000, 0.000, 0.000, 0, 45, '220695.jpg'),
(133, 'Peart-Harris', 5, 'MID', 4.40, 'fit', NULL, NULL, 0.000, 0.000, 0.000, 0, 44, '450539.jpg'),
(134, 'Trevitt', 5, 'MID', 4.50, 'doubt', 0, 0, 0.000, 0.000, 0.000, 0, 45, '591357.jpg'),
(135, 'Wissa', 15, 'FWD', 7.30, 'fit', 100, 100, 0.500, 0.400, 1.000, 2, 73, '216646.jpg'),
(136, 'Thiago', 5, 'FWD', 7.20, 'doubt', 75, NULL, 38.700, 4.400, 5.100, 82, 72, '502500.jpg'),
(137, 'Morgan', 5, 'FWD', 4.40, 'fit', NULL, NULL, 0.400, 0.000, 0.000, 0, 44, '533710.jpg'),
(138, 'Steele', 6, 'GK', 4.20, 'fit', NULL, NULL, 0.300, 0.000, 0.000, 0, 42, '49262.jpg'),
(139, 'Verbruggen', 6, 'GK', 4.40, 'fit', NULL, NULL, 5.100, 3.800, 2.800, 45, 44, '489639.jpg'),
(140, 'McGill', 6, 'GK', 3.90, 'fit', NULL, NULL, 0.300, 0.000, 0.000, 0, 39, '209288.jpg'),
(141, 'Rushworth', 6, 'GK', 4.00, 'doubt', 0, 0, 0.000, 0.000, 0.000, 0, 40, '472739.jpg'),
(142, 'Scherpen', 6, 'GK', 4.00, 'doubt', 0, 0, 0.000, 0.000, 0.000, 0, 40, '240514.jpg'),
(143, 'Boscagli', 6, 'DEF', 4.20, 'fit', NULL, NULL, 0.100, 0.200, 0.500, 1, 42, '204120.jpg'),
(144, 'Coppola', 6, 'DEF', 4.20, 'fit', NULL, NULL, 0.000, 0.000, 1.000, 3, 42, '550090.jpg'),
(145, 'De Cuyper', 6, 'DEF', 4.30, 'fit', 100, 100, 2.100, 4.800, 3.100, 40, 43, '465730.jpg'),
(146, 'Dunk', 6, 'DEF', 4.50, 'suspended', 0, NULL, 0.900, 1.600, 2.300, 37, 45, '83299.jpg'),
(147, 'Estupiñan', 6, 'DEF', 4.50, 'doubt', 0, 0, 0.000, 0.000, 0.000, 0, 45, '204214.jpg'),
(148, 'F.Kadıoğlu', 6, 'DEF', 4.40, 'fit', NULL, NULL, 0.200, 2.400, 2.300, 34, 44, '231416.jpg'),
(149, 'Igor', 19, 'DEF', 4.50, 'fit', 100, 100, 0.100, 0.600, 1.500, 6, 45, '223434.jpg'),
(150, 'Lamptey', 6, 'DEF', 4.40, 'doubt', 0, 0, 0.100, 0.000, 0.000, 0, 44, '232792.jpg'),
(151, 'Van Hecke', 6, 'DEF', 4.60, 'fit', NULL, NULL, 4.200, 5.200, 4.100, 66, 46, '469142.jpg'),
(152, 'Veltman', 6, 'DEF', 4.30, 'fit', 100, 100, 0.100, 0.600, 1.200, 10, 43, '111478.jpg'),
(153, 'Webster', 6, 'DEF', 4.40, 'injured', 0, 0, 0.000, 0.000, 0.000, 0, 44, '110735.jpg'),
(154, 'Cashin', 6, 'DEF', 4.00, 'doubt', 0, 0, 0.000, 0.000, 0.000, 0, 40, '439135.jpg'),
(155, 'Slater', 6, 'DEF', 4.00, 'doubt', 0, 0, 0.100, 0.000, 0.000, 0, 40, '589100.jpg'),
(156, 'Tasker', 6, 'DEF', 3.90, 'fit', NULL, NULL, 0.100, 0.000, 0.000, 0, 39, '547720.jpg'),
(157, 'Mitoma', 6, 'MID', 6.10, 'fit', 100, 100, 1.800, 0.200, 3.000, 21, 61, '451340.jpg'),
(158, 'Georginio', 6, 'MID', 5.60, 'fit', 100, 100, 0.400, 3.200, 3.300, 46, 56, '463067.jpg'),
(159, 'March', 6, 'MID', 5.80, 'injured', 0, 0, 0.000, 0.000, 0.000, 0, 58, '109345.jpg'),
(160, 'Minteh', 6, 'MID', 6.10, 'fit', NULL, NULL, 7.100, 4.200, 4.400, 71, 61, '592031.jpg'),
(161, 'Enciso', 6, 'MID', 5.40, 'doubt', 0, 0, 0.000, 0.000, 0.000, 0, 54, '474120.jpg'),
(162, 'Gruda', 6, 'MID', 5.40, 'fit', 100, 100, 0.100, 1.200, 2.100, 25, 54, '513433.jpg'),
(163, 'Hinshelwood', 6, 'MID', 5.10, 'fit', 100, 100, 0.000, 3.800, 2.900, 23, 51, '532529.jpg'),
(164, 'O\'Riley', 6, 'MID', 5.50, 'doubt', 0, 0, 0.400, 0.000, 6.000, 12, 55, '219249.jpg'),
(165, 'Sima', 6, 'MID', 5.40, 'doubt', 0, 0, 0.000, 0.000, 0.000, 0, 54, '516211.jpg'),
(166, 'Ayari', 6, 'MID', 4.80, 'fit', 100, 100, 0.200, 1.600, 2.600, 37, 48, '509416.jpg'),
(167, 'Baleba', 6, 'MID', 4.60, 'doubt', 0, NULL, 1.600, 1.800, 1.600, 25, 46, '535301.jpg'),
(168, 'Buonanotte', 7, 'MID', 4.60, 'fit', 100, 100, 0.100, 0.000, 1.000, 1, 46, '536916.jpg'),
(169, 'Gomez', 6, 'MID', 4.90, 'suspended', 0, 100, 0.200, 1.600, 2.400, 36, 49, '514254.jpg'),
(170, 'Milner', 6, 'MID', 4.90, 'fit', 100, 100, 0.100, 0.200, 2.000, 16, 49, '15157.jpg'),
(171, 'Sarmiento', 6, 'MID', 4.90, 'doubt', 0, 0, 0.000, 0.000, 0.000, 0, 49, '441192.jpg'),
(172, 'Watson', 6, 'MID', 4.80, 'fit', 100, 100, 0.000, 0.000, 1.000, 2, 48, '549074.jpg'),
(173, 'Wieffer', 6, 'MID', 4.90, 'fit', 100, 100, 0.400, 4.000, 4.000, 56, 49, '467779.jpg'),
(174, 'Yalcouye', 6, 'MID', 5.00, 'doubt', 0, 0, 0.000, 0.000, 0.000, 0, 50, '611695.jpg'),
(175, 'Knight', 6, 'MID', 4.40, 'fit', NULL, NULL, 0.100, 0.000, 1.000, 1, 44, '567121.jpg'),
(176, 'Mazilu', 6, 'MID', 4.50, 'doubt', 0, 0, 0.000, 0.000, 0.000, 0, 45, '550141.jpg'),
(177, 'Moran', 6, 'MID', 4.50, 'doubt', 0, 0, 0.000, 0.000, 0.000, 0, 45, '513834.jpg'),
(178, 'Welbeck', 6, 'FWD', 6.50, 'fit', NULL, NULL, 7.900, 2.800, 3.700, 59, 65, '50175.jpg'),
(179, 'Ferguson', 6, 'FWD', 5.50, 'doubt', 0, 0, 0.000, 0.000, 0.000, 0, 55, '487117.jpg'),
(180, 'Tzimas', 6, 'FWD', 5.30, 'injured', 0, 0, 0.100, 1.200, 1.800, 16, 53, '608181.jpg'),
(181, 'Kostoulas', 6, 'FWD', 4.80, 'fit', NULL, NULL, 0.300, 0.600, 1.600, 11, 48, '647850.jpg'),
(182, 'Trafford', 13, 'GK', 4.60, 'fit', NULL, NULL, 1.000, 0.000, 3.700, 11, 46, '432720.jpg'),
(183, 'Weiss', 3, 'GK', 4.30, 'fit', NULL, NULL, 0.100, 0.000, 0.000, 0, 43, '518030.jpg'),
(184, 'Green', 3, 'GK', 4.00, 'doubt', 0, 0, 0.200, 0.000, 0.000, 0, 40, '489571.jpg'),
(185, 'Hladký', 3, 'GK', 3.90, 'fit', NULL, NULL, 0.200, 0.000, 0.000, 0, 39, '51943.jpg'),
(186, 'Roberts', 3, 'DEF', 4.40, 'injured', 0, 0, 0.000, 0.000, 0.000, 0, 44, '192290.jpg'),
(187, 'Walker', 3, 'DEF', 4.40, 'fit', 100, 0, 1.200, 1.000, 2.300, 34, 44, '58621.jpg'),
(188, 'Delcroix', 3, 'DEF', 3.80, 'fit', NULL, NULL, 0.300, 0.000, 0.000, 0, 38, '247245.jpg'),
(189, 'Dodgson', 3, 'DEF', 4.00, 'doubt', 0, 0, 0.000, 0.000, 0.000, 0, 40, '461567.jpg'),
(190, 'Ekdal', 3, 'DEF', 3.90, 'fit', NULL, NULL, 0.800, 1.200, 2.600, 26, 39, '478969.jpg'),
(191, 'Estève', 3, 'DEF', 3.90, 'fit', NULL, NULL, 11.400, 2.800, 2.600, 42, 39, '477717.jpg'),
(192, 'Hartman', 3, 'DEF', 4.00, 'fit', NULL, NULL, 1.000, 2.000, 3.100, 46, 40, '494960.jpg'),
(193, 'Humphreys', 3, 'DEF', 3.90, 'injured', 0, 0, 0.100, 0.000, 0.000, 0, 39, '461188.jpg'),
(194, 'Jordan', 3, 'DEF', 4.00, 'injured', 0, 0, 0.100, 0.000, 0.000, 0, 40, '241231.jpg'),
(195, 'Lucas Pires', 3, 'DEF', 3.80, 'fit', 100, 0, 0.200, -0.600, -1.000, -2, 38, '549329.jpg'),
(196, 'Sambo', 3, 'DEF', 4.00, 'doubt', 0, 0, 0.000, 0.000, 0.000, 0, 40, '450072.jpg'),
(197, 'Sonne', 3, 'DEF', 3.80, 'fit', NULL, NULL, 0.300, 1.400, 2.500, 10, 38, '519895.jpg'),
(198, 'Tuanzebe', 3, 'DEF', 3.90, 'doubt', 0, 50, 1.300, 0.400, 2.200, 18, 39, '180804.jpg'),
(199, 'Worrall', 3, 'DEF', 3.90, 'fit', NULL, NULL, 0.200, 0.200, 1.000, 5, 39, '208912.jpg'),
(200, 'Anthony', 3, 'MID', 5.20, 'fit', 100, 100, 2.500, 1.800, 3.600, 58, 52, '444180.jpg'),
(201, 'Benson', 3, 'MID', 5.40, 'doubt', 0, 0, 0.000, 0.000, 0.000, 0, 54, '183751.jpg'),
(202, 'Bruun Larsen', 3, 'MID', 5.30, 'fit', 100, 100, 0.000, 1.400, 1.600, 23, 53, '179458.jpg'),
(203, 'Boateng', 3, 'MID', 4.70, 'fit', NULL, NULL, 0.000, 0.000, 0.000, 0, 47, '578614.jpg'),
(204, 'Churlinov', 3, 'MID', 4.90, 'doubt', 0, 0, 0.000, 0.000, 0.000, 0, 49, '250735.jpg'),
(205, 'Cullen', 3, 'MID', 5.00, 'fit', NULL, NULL, 1.900, 2.800, 4.200, 67, 50, '172567.jpg'),
(206, 'Edwards', 3, 'MID', 4.70, 'fit', NULL, NULL, 0.100, 0.600, 1.000, 6, 47, '174592.jpg'),
(207, 'Hannibal', 3, 'MID', 4.80, 'doubt', 0, 0, 0.100, 0.200, 1.700, 22, 48, '465527.jpg'),
(208, 'Koleosho', 3, 'MID', 5.00, 'doubt', 0, 0, 0.000, 0.000, 0.000, 0, 50, '487702.jpg'),
(209, 'Laurent', 3, 'MID', 4.80, 'fit', NULL, NULL, 0.000, 0.400, 1.300, 17, 48, '167887.jpg'),
(210, 'Tchaouna', 3, 'MID', 4.90, 'fit', NULL, NULL, 0.000, 1.200, 2.200, 28, 49, '469272.jpg'),
(211, 'A.Ramsey', 3, 'MID', 4.40, 'doubt', 0, 0, 1.700, 0.000, 0.000, 0, 44, '447715.jpg'),
(212, 'Adewumi', 3, 'MID', 4.50, 'doubt', 0, 0, 0.000, 0.000, 0.000, 0, 45, '576323.jpg'),
(213, 'Banel', 3, 'MID', 4.50, 'fit', NULL, NULL, 0.000, 0.000, 0.000, 0, 45, '551206.jpg'),
(214, 'Trésor', 3, 'MID', 4.40, 'fit', NULL, NULL, 0.100, 0.200, 1.000, 1, 44, '437748.jpg'),
(215, 'Flemming', 3, 'FWD', 5.30, 'fit', NULL, NULL, 0.700, 3.000, 3.100, 40, 53, '431639.jpg'),
(216, 'Amdouni', 3, 'FWD', 4.80, 'injured', 0, 0, 0.000, 0.000, 0.000, 0, 48, '492831.jpg'),
(217, 'Foster', 3, 'FWD', 5.00, 'doubt', 0, 100, 1.100, 1.600, 2.800, 36, 50, '435973.jpg'),
(218, 'Barnes', 3, 'FWD', 4.30, 'fit', NULL, NULL, 1.200, 0.000, 1.000, 1, 43, '44699.jpg'),
(219, 'Obafemi', 3, 'FWD', 4.40, 'doubt', 0, 0, 0.100, 0.000, 0.000, 0, 44, '220598.jpg'),
(220, 'Sánchez', 7, 'GK', 4.90, 'fit', NULL, NULL, 14.900, 5.200, 3.900, 63, 49, '215059.jpg'),
(221, 'Jörgensen', 7, 'GK', 4.30, 'fit', NULL, NULL, 0.200, 0.000, 1.000, 1, 43, '508479.jpg'),
(222, 'Penders', 7, 'GK', 4.00, 'doubt', 0, 0, 0.000, 0.000, 0.000, 0, 40, '549939.jpg'),
(223, 'Slonina', 7, 'GK', 3.90, 'fit', NULL, NULL, 0.100, 0.000, 0.000, 0, 39, '471798.jpg'),
(224, 'Cucurella', 7, 'DEF', 6.20, 'fit', NULL, NULL, 23.200, 4.000, 4.300, 69, 62, '179268.jpg'),
(225, 'James', 7, 'DEF', 5.60, 'fit', 100, 100, 9.100, 4.200, 4.500, 67, 56, '225796.jpg'),
(226, 'Chalobah', 7, 'DEF', 5.50, 'fit', 100, 100, 18.300, 7.200, 6.100, 91, 55, '180736.jpg'),
(227, 'Colwill', 7, 'DEF', 4.80, 'injured', 0, 0, 0.100, 0.000, 0.000, 0, 48, '460028.jpg'),
(228, 'Gusto', 7, 'DEF', 5.00, 'fit', 100, 100, 2.500, 5.800, 4.900, 68, 50, '482609.jpg'),
(229, 'B.Badiashile', 7, 'DEF', 4.40, 'fit', 100, 100, 0.000, 0.000, 0.000, 0, 44, '242880.jpg'),
(230, 'Fofana', 7, 'DEF', 4.40, 'fit', 100, 100, 0.400, 4.400, 4.600, 37, 44, '444463.jpg'),
(231, 'M.Sarr', 7, 'DEF', 4.50, 'doubt', 0, 0, 0.000, 0.000, 0.000, 0, 45, '574458.jpg'),
(232, 'Tosin', 7, 'DEF', 4.10, 'fit', 100, 100, 0.300, 2.600, 3.000, 27, 41, '109646.jpg'),
(233, 'Acheampong', 7, 'DEF', 3.90, 'fit', 100, 100, 1.400, 0.000, 5.400, 27, 39, '577016.jpg'),
(234, 'Anselmino', 7, 'DEF', 4.00, 'doubt', 0, 0, 0.100, 0.000, 0.000, 0, 40, '622758.jpg'),
(235, 'Palmer', 7, 'MID', 10.40, 'fit', 100, 100, 11.000, 1.600, 3.200, 19, 104, '244851.jpg'),
(236, 'Neto', 7, 'MID', 7.30, 'fit', 100, 100, 9.400, 4.800, 4.800, 76, 73, '247632.jpg'),
(237, 'Enzo', 7, 'MID', 6.60, 'fit', 100, 100, 10.900, 4.200, 4.600, 69, 66, '448047.jpg'),
(238, 'Estêvão', 7, 'MID', 6.50, 'injured', 0, NULL, 2.400, 0.600, 2.300, 32, 65, '624773.jpg'),
(239, 'Gittens', 7, 'MID', 6.10, 'fit', NULL, NULL, 0.100, 2.400, 1.800, 21, 61, '463936.jpg'),
(240, 'Nkunku', 7, 'MID', 5.90, 'doubt', 0, 0, 0.100, 0.000, 0.000, 0, 59, '213198.jpg'),
(241, 'Caicedo', 7, 'MID', 5.70, 'fit', 100, 0, 8.900, -0.400, 4.800, 58, 57, '486672.jpg'),
(242, 'Dewsbury-Hall', 9, 'MID', 5.10, 'doubt', 75, 100, 8.600, 8.000, 5.000, 75, 51, '215413.jpg'),
(243, 'George', 7, 'MID', 4.80, 'fit', NULL, NULL, 0.100, 0.000, 1.000, 4, 48, '550615.jpg'),
(244, 'Lavia', 7, 'MID', 4.90, 'injured', 0, 0, 0.000, 0.000, 1.000, 4, 49, '514356.jpg'),
(245, 'Mudryk', 7, 'MID', 4.90, 'suspended', 0, 0, 0.000, 0.000, 0.000, 0, 49, '465920.jpg'),
(246, 'Andrey Santos', 7, 'MID', 4.50, 'fit', 100, 100, 0.300, 1.600, 1.400, 15, 45, '532605.jpg'),
(247, 'D.Essugo', 7, 'MID', 4.30, 'injured', 0, 0, 0.100, 0.000, 0.000, 0, 43, '491007.jpg'),
(248, 'Paez', 7, 'MID', 4.50, 'doubt', 0, 0, 0.000, 0.000, 0.000, 0, 45, '611134.jpg'),
(249, 'João Pedro', 7, 'FWD', 7.30, 'fit', NULL, NULL, 30.800, 1.400, 4.100, 66, 73, '475168.jpg'),
(250, 'Delap', 7, 'FWD', 6.20, 'injured', 0, 0, 0.900, 1.200, 1.500, 12, 62, '463034.jpg'),
(251, 'N.Jackson', 7, 'FWD', 6.50, 'doubt', 0, 0, 0.100, 0.000, 0.000, 0, 65, '517052.jpg'),
(252, 'Marc Guiu', 7, 'FWD', 4.20, 'fit', 100, 100, 8.000, 1.000, 1.300, 12, 42, '499309.jpg'),
(253, 'Henderson', 8, 'GK', 5.10, 'fit', NULL, NULL, 8.900, 3.800, 4.000, 64, 51, '172649.jpg'),
(254, 'Benitez', 8, 'GK', 4.00, 'fit', 100, 100, 0.300, 0.000, 0.000, 0, 40, '121709.jpg'),
(255, 'Matthews', 8, 'GK', 3.90, 'fit', NULL, NULL, 0.100, 0.000, 0.000, 0, 39, '169593.jpg'),
(256, 'Muñoz', 8, 'DEF', 5.90, 'injured', 0, 0, 11.000, 5.800, 6.400, 89, 59, '247348.jpg'),
(257, 'Lacroix', 8, 'DEF', 5.20, 'fit', NULL, NULL, 7.200, 5.000, 5.100, 81, 52, '437499.jpg'),
(258, 'Mitchell', 8, 'DEF', 5.00, 'fit', NULL, NULL, 2.500, 3.200, 4.400, 71, 50, '244723.jpg'),
(259, 'Sosa', 8, 'DEF', 4.80, 'fit', 100, 100, 0.100, 0.000, 1.000, 1, 48, '218364.jpg'),
(260, 'Guéhi', 8, 'DEF', 5.30, 'fit', 100, 100, 40.900, 5.600, 6.100, 92, 53, '209036.jpg'),
(261, 'Richards', 8, 'DEF', 4.60, 'fit', 100, 100, 4.300, 4.200, 4.600, 73, 46, '427623.jpg'),
(262, 'Chadi Riad', 8, 'DEF', 4.00, 'doubt', 25, 25, 0.000, 0.000, 0.000, 0, 40, '515621.jpg'),
(263, 'Clyne', 8, 'DEF', 3.80, 'fit', NULL, NULL, 0.700, 0.600, 1.300, 4, 38, '57328.jpg'),
(264, 'Holding', 8, 'DEF', 4.00, 'doubt', 0, 0, 0.000, 0.000, 0.000, 0, 40, '156074.jpg'),
(265, 'Kporha', 8, 'DEF', 4.00, 'injured', 0, 0, 0.000, 0.000, 0.000, 0, 40, '590012.jpg'),
(266, 'Eze', 1, 'MID', 7.70, 'fit', NULL, NULL, 17.700, 5.000, 4.400, 66, 77, '232413.jpg'),
(267, 'Sarr', 8, 'MID', 6.40, 'doubt', 0, 75, 2.700, 1.200, 4.300, 52, 64, '232185.jpg'),
(268, 'Doucouré', 8, 'MID', 4.90, 'injured', 0, 0, 0.000, 0.000, 0.000, 0, 49, '438464.jpg'),
(269, 'Esse', 8, 'MID', 4.70, 'fit', NULL, NULL, 0.100, 0.000, 1.000, 1, 47, '606921.jpg'),
(270, 'Hughes', 8, 'MID', 4.70, 'fit', 100, 100, 0.100, 0.800, 1.400, 18, 47, '108413.jpg'),
(271, 'Kamada', 8, 'MID', 5.00, 'injured', 0, 100, 0.100, 2.600, 3.200, 45, 50, '209400.jpg'),
(272, 'Lerma', 8, 'MID', 4.90, 'fit', NULL, NULL, 0.100, 1.400, 2.000, 28, 49, '152551.jpg'),
(273, 'Wharton', 8, 'MID', 5.00, 'fit', 100, 100, 0.700, 5.200, 3.700, 52, 50, '496221.jpg'),
(274, 'Agbinone', 8, 'MID', 4.30, 'fit', NULL, NULL, 0.100, 0.000, 0.000, 0, 43, '579075.jpg'),
(275, 'Ahamada', 8, 'MID', 4.30, 'fit', NULL, NULL, 0.000, 0.000, 0.000, 0, 43, '466117.jpg'),
(276, 'Devenny', 8, 'MID', 4.30, 'fit', 100, 100, 1.100, 0.800, 1.100, 13, 43, '489706.jpg'),
(277, 'Ebiowei', 8, 'MID', 4.50, 'doubt', 0, 0, 0.000, 0.000, 0.000, 0, 45, '450535.jpg'),
(278, 'J.Rak-Sakyi', 8, 'MID', 4.40, 'doubt', 0, 0, 0.000, 0.000, 0.000, 0, 44, '450542.jpg'),
(279, 'M.França', 8, 'MID', 4.50, 'doubt', 0, 0, 0.000, 0.000, 0.000, 0, 45, '536694.jpg'),
(280, 'Ozoh', 8, 'MID', 4.50, 'doubt', 0, 0, 0.000, 0.000, 0.000, 0, 45, '531989.jpg'),
(281, 'Rodney', 8, 'MID', 4.40, 'fit', NULL, NULL, 0.000, 0.000, 0.000, 0, 44, '530318.jpg'),
(282, 'Umeh', 8, 'MID', 4.50, 'doubt', 0, 0, 0.000, 0.000, 0.000, 0, 45, '574398.jpg'),
(283, 'Mateta', 8, 'FWD', 7.80, 'fit', 100, 75, 15.700, 2.600, 3.900, 63, 78, '231747.jpg'),
(284, 'Nketiah', 8, 'FWD', 5.40, 'fit', 100, 100, 0.600, 2.400, 2.000, 20, 54, '205533.jpg'),
(285, 'Édouard', 8, 'FWD', 5.00, 'doubt', 0, 0, 0.200, 0.000, 1.000, 1, 50, '199670.jpg'),
(286, 'Marsh', 8, 'FWD', 4.50, 'fit', NULL, NULL, 0.300, 0.000, 0.000, 0, 45, '576980.jpg'),
(287, 'Pickford', 9, 'GK', 5.50, 'fit', NULL, NULL, 10.700, 5.200, 4.200, 68, 55, '111234.jpg'),
(288, 'Travers', 9, 'GK', 4.30, 'fit', NULL, NULL, 0.100, 0.000, 0.000, 0, 43, '229600.jpg'),
(289, 'Tyrer', 9, 'GK', 3.90, 'fit', NULL, NULL, 0.100, 0.000, 0.000, 0, 39, '447325.jpg'),
(290, 'Branthwaite', 9, 'DEF', 5.30, 'injured', 0, 0, 0.100, 0.000, 0.000, 0, 53, '480455.jpg'),
(291, 'Tarkowski', 9, 'DEF', 5.50, 'fit', NULL, NULL, 7.500, 6.200, 4.600, 74, 55, '17761.jpg'),
(292, 'Mykolenko', 9, 'DEF', 4.90, 'fit', 100, 100, 0.500, 4.400, 3.000, 39, 49, '224967.jpg'),
(293, 'O\'Brien', 9, 'DEF', 4.90, 'fit', NULL, NULL, 0.400, 4.200, 3.100, 49, 49, '512462.jpg'),
(294, 'Coleman', 9, 'DEF', 4.30, 'injured', 0, 0, 0.100, 0.200, 1.000, 3, 43, '59949.jpg'),
(295, 'Keane', 9, 'DEF', 4.60, 'fit', 100, 100, 3.100, 4.200, 5.100, 77, 46, '106611.jpg'),
(296, 'Patterson', 9, 'DEF', 4.40, 'fit', 100, 100, 0.000, 0.000, 0.000, 0, 44, '243571.jpg'),
(297, 'Dixon', 9, 'DEF', 3.80, 'fit', NULL, NULL, 0.200, 0.000, 0.000, 0, 38, '496178.jpg'),
(298, 'Welch', 9, 'DEF', 3.80, 'fit', NULL, NULL, 0.100, 0.000, 0.000, 0, 38, '474907.jpg'),
(299, 'Ndiaye', 9, 'MID', 6.30, 'doubt', 0, 100, 5.700, 3.600, 4.600, 73, 63, '440993.jpg'),
(300, 'McNeil', 9, 'MID', 5.50, 'fit', NULL, NULL, 0.100, 0.800, 1.000, 7, 55, '433154.jpg'),
(301, 'Alcaraz', 9, 'MID', 5.20, 'fit', NULL, NULL, 0.100, 2.400, 1.500, 20, 52, '502697.jpg'),
(302, 'Gana', 9, 'MID', 5.40, 'doubt', 0, 100, 0.100, 0.400, 3.400, 44, 54, '80801.jpg'),
(303, 'Garner', 9, 'MID', 5.00, 'fit', NULL, NULL, 0.500, 3.600, 3.800, 60, 50, '232928.jpg'),
(304, 'Iroegbunam', 9, 'MID', 4.80, 'fit', 100, 100, 0.000, 1.400, 2.100, 25, 48, '490094.jpg'),
(305, 'Armstrong', 9, 'MID', 4.50, 'doubt', 0, 0, 0.000, 0.000, 1.000, 1, 45, '609873.jpg'),
(306, 'Bates', 9, 'MID', 4.30, 'fit', NULL, NULL, 0.100, 0.000, 0.000, 0, 43, '547801.jpg'),
(307, 'Ebere', 9, 'MID', 4.40, 'fit', NULL, NULL, 0.000, 0.000, 0.000, 0, 44, '504296.jpg'),
(308, 'Heath', 9, 'MID', 4.50, 'doubt', 0, 0, 0.000, 0.000, 0.000, 0, 45, '496279.jpg'),
(309, 'Metcalfe', 9, 'MID', 4.50, 'doubt', 0, 0, 0.000, 0.000, 0.000, 0, 45, '491557.jpg'),
(310, 'Barry', 9, 'FWD', 5.70, 'fit', NULL, NULL, 0.400, 2.600, 1.600, 25, 57, '586309.jpg'),
(311, 'Beto', 9, 'FWD', 5.00, 'fit', NULL, NULL, 2.500, 1.000, 1.600, 26, 50, '486385.jpg'),
(312, 'Y.Chermiti', 9, 'FWD', 4.90, 'doubt', 0, 0, 0.100, 0.000, 0.000, 0, 49, '491012.jpg'),
(313, 'Sherif', 9, 'FWD', 4.40, 'doubt', 0, 0, 0.100, 0.000, 0.000, 0, 44, '536241.jpg'),
(314, 'Leno', 10, 'GK', 4.90, 'fit', NULL, NULL, 1.900, 2.200, 2.800, 45, 49, '80201.jpg'),
(315, 'Benda', 10, 'GK', 4.00, 'doubt', 0, 0, 0.000, 0.000, 0.000, 0, 40, '428971.jpg'),
(316, 'Robinson', 10, 'DEF', 4.90, 'fit', 100, 75, 0.500, 0.600, 1.500, 6, 49, '169528.jpg'),
(317, 'Andersen', 10, 'DEF', 4.60, 'fit', 100, 100, 6.700, 3.400, 3.700, 56, 46, '174874.jpg'),
(318, 'Bassey', 10, 'DEF', 4.50, 'doubt', 0, NULL, 0.600, 5.400, 3.400, 55, 45, '232892.jpg'),
(319, 'Castagne', 10, 'DEF', 4.30, 'fit', NULL, NULL, 0.100, 1.400, 1.400, 17, 43, '166477.jpg'),
(320, 'Diop', 10, 'DEF', 4.30, 'fit', NULL, NULL, 0.100, 0.000, 1.300, 4, 43, '219924.jpg'),
(321, 'J.Cuenca', 10, 'DEF', 4.30, 'fit', NULL, NULL, 0.000, 0.000, 2.300, 7, 43, '246301.jpg'),
(322, 'Tete', 10, 'DEF', 4.50, 'fit', 100, 100, 0.900, 4.600, 3.800, 49, 45, '167074.jpg'),
(323, 'Amissah', 10, 'DEF', 3.80, 'fit', NULL, NULL, 0.100, 0.000, 0.000, 0, 38, '591385.jpg'),
(324, 'Iwobi', 10, 'MID', 6.40, 'doubt', 0, NULL, 1.100, 3.200, 3.500, 56, 64, '153133.jpg'),
(325, 'Smith Rowe', 10, 'MID', 5.60, 'fit', 100, 100, 0.800, 3.800, 2.200, 35, 56, '209289.jpg'),
(326, 'Adama', 10, 'MID', 5.10, 'fit', NULL, NULL, 0.100, 0.400, 1.200, 13, 51, '159533.jpg'),
(327, 'Andreas', 10, 'MID', 5.30, 'doubt', 0, 0, 0.100, 0.000, 0.000, 0, 53, '156689.jpg'),
(328, 'Sessegnon', 10, 'MID', 5.40, 'injured', 0, 0, 0.300, 1.800, 4.300, 56, 54, '184349.jpg'),
(329, 'Wilson', 10, 'MID', 5.60, 'fit', 100, 100, 14.600, 8.800, 5.200, 78, 56, '153682.jpg'),
(330, 'Berge', 10, 'MID', 4.90, 'fit', NULL, NULL, 0.100, 1.800, 2.200, 36, 49, '207189.jpg'),
(331, 'Cairney', 10, 'MID', 4.80, 'fit', 100, 100, 0.000, 0.200, 1.100, 9, 48, '76357.jpg'),
(332, 'Lukić', 10, 'MID', 5.00, 'doubt', 75, 100, 0.100, 0.800, 2.400, 31, 50, '212314.jpg'),
(333, 'Godo', 10, 'MID', 4.50, 'doubt', 0, 0, 0.000, 0.000, 0.000, 0, 45, '573062.jpg'),
(334, 'Harris', 10, 'MID', 4.50, 'doubt', 0, 0, 0.000, 0.000, 0.000, 0, 45, '515024.jpg'),
(335, 'King', 10, 'MID', 4.50, 'fit', NULL, NULL, 2.900, 2.200, 1.900, 30, 45, '577725.jpg'),
(336, 'Reed', 10, 'MID', 4.30, 'fit', NULL, NULL, 0.300, 0.200, 1.000, 1, 43, '153366.jpg'),
(337, 'Raúl', 10, 'FWD', 6.30, 'fit', 100, 100, 2.700, 3.200, 2.700, 41, 63, '102057.jpg'),
(338, 'Muniz', 10, 'FWD', 5.40, 'injured', 0, 0, 0.800, 0.000, 2.400, 17, 54, '244042.jpg'),
(339, 'Meslier', 11, 'GK', 4.20, 'fit', NULL, NULL, 0.400, 0.000, 0.000, 0, 42, '437495.jpg'),
(340, 'Cairns', 11, 'GK', 3.90, 'fit', NULL, NULL, 0.200, 0.000, 0.000, 0, 39, '97846.jpg'),
(341, 'Darlow', 11, 'GK', 3.90, 'fit', NULL, NULL, 2.100, 0.000, 2.000, 10, 39, '59735.jpg'),
(342, 'Bogle', 11, 'DEF', 4.40, 'fit', 100, 100, 0.200, 1.600, 2.200, 36, 44, '226182.jpg'),
(343, 'Struijk', 11, 'DEF', 4.30, 'fit', 100, 100, 0.200, 1.800, 2.400, 34, 43, '222694.jpg'),
(344, 'Bijol', 11, 'DEF', 3.90, 'fit', 100, 100, 0.300, 3.200, 3.100, 22, 39, '434752.jpg'),
(345, 'Bornauw', 11, 'DEF', 3.80, 'fit', 100, 100, 0.100, 0.400, 1.000, 2, 38, '437738.jpg'),
(346, 'Byram', 11, 'DEF', 3.80, 'fit', NULL, NULL, 0.200, 0.000, 1.000, 1, 38, '113564.jpg'),
(347, 'Gudmundsson', 11, 'DEF', 3.90, 'fit', 100, 100, 3.600, 1.600, 2.200, 35, 39, '243526.jpg'),
(348, 'Rodon', 11, 'DEF', 4.10, 'fit', 100, 100, 5.300, 1.600, 3.400, 54, 41, '214225.jpg'),
(349, 'Schmidt', 11, 'DEF', 4.00, 'doubt', 0, 0, 0.100, 0.000, 0.000, 0, 40, '492368.jpg'),
(350, 'Aaronson', 11, 'MID', 5.40, 'fit', NULL, NULL, 0.100, 1.600, 3.300, 49, 54, '427637.jpg'),
(351, 'Gnonto', 11, 'MID', 5.20, 'fit', 100, 100, 0.100, 1.800, 1.900, 15, 52, '492859.jpg'),
(352, 'Harrison', 11, 'MID', 5.10, 'fit', 100, 100, 0.100, 0.200, 1.100, 12, 51, '221399.jpg'),
(353, 'James', 11, 'MID', 5.30, 'injured', 0, 0, 0.100, 0.400, 1.300, 13, 53, '200617.jpg'),
(354, 'Ampadu', 11, 'MID', 4.90, 'fit', 100, 100, 0.100, 2.800, 2.700, 38, 49, '199598.jpg'),
(355, 'Greenwood', 11, 'MID', 4.90, 'doubt', 0, 0, 0.000, 0.000, 0.000, 0, 49, '248937.jpg'),
(356, 'Gruev', 11, 'MID', 4.70, 'fit', NULL, NULL, 0.000, 1.000, 1.500, 12, 47, '486520.jpg'),
(357, 'Ramazani', 11, 'MID', 4.90, 'doubt', 0, 0, 0.000, 0.000, 0.000, 0, 49, '433952.jpg'),
(358, 'Tanaka', 11, 'MID', 4.80, 'fit', 100, 100, 0.300, 4.600, 2.800, 36, 48, '248056.jpg'),
(359, 'Crew', 11, 'MID', 4.50, 'doubt', 0, 0, 0.000, 0.000, 0.000, 0, 45, '536119.jpg'),
(360, 'Gelhardt', 11, 'MID', 4.50, 'doubt', 0, 0, 0.000, 0.000, 0.000, 0, 45, '462635.jpg'),
(361, 'Gyabi', 11, 'MID', 4.50, 'doubt', 0, 0, 0.000, 0.000, 0.000, 0, 45, '470294.jpg'),
(362, 'Piroe', 11, 'FWD', 5.00, 'fit', 100, 100, 0.400, 0.600, 1.100, 9, 50, '235826.jpg'),
(363, 'Bamford', 11, 'FWD', 4.90, 'doubt', 0, 0, 0.400, 0.000, 0.000, 0, 49, '106617.jpg'),
(364, 'Mateo Joseph', 11, 'FWD', 5.00, 'doubt', 0, 0, 0.000, 0.000, 0.000, 0, 50, '565297.jpg'),
(365, 'Nmecha', 11, 'FWD', 5.00, 'doubt', 50, 0, 0.600, 2.800, 2.600, 37, 50, '174594.jpg'),
(366, 'A.Becker', 12, 'GK', 5.40, 'fit', 100, 100, 5.600, 3.800, 3.500, 39, 54, '116535.jpg'),
(367, 'Mamardashvili', 12, 'GK', 4.30, 'fit', NULL, NULL, 0.700, 0.000, 3.800, 19, 43, '449027.jpg'),
(368, 'Pécsi', 12, 'GK', 3.90, 'fit', NULL, NULL, 0.300, 0.000, 0.000, 0, 39, '586268.jpg'),
(369, 'Woodman', 12, 'GK', 3.90, 'fit', NULL, NULL, 0.200, 0.000, 0.000, 0, 39, '155503.jpg'),
(370, 'Frimpong', 12, 'DEF', 5.70, 'injured', 0, 0, 4.400, 0.000, 1.800, 7, 57, '216094.jpg'),
(371, 'Kerkez', 12, 'DEF', 5.60, 'fit', NULL, NULL, 2.900, 3.200, 2.500, 37, 56, '544877.jpg'),
(372, 'Robertson', 12, 'DEF', 5.80, 'fit', NULL, NULL, 1.000, 1.000, 1.600, 16, 58, '122798.jpg'),
(373, 'Virgil', 12, 'DEF', 5.90, 'fit', NULL, NULL, 23.500, 4.200, 3.900, 62, 59, '97032.jpg'),
(374, 'Konaté', 12, 'DEF', 5.40, 'fit', 100, 100, 3.000, 4.400, 3.800, 61, 54, '204716.jpg'),
(375, 'Bradley', 12, 'DEF', 5.00, 'fit', 100, 0, 0.200, 1.000, 2.000, 20, 50, '492777.jpg'),
(376, 'Gomez', 12, 'DEF', 4.90, 'doubt', 25, 100, 0.200, 3.800, 2.900, 23, 49, '171287.jpg'),
(377, 'Tsimikas', 12, 'DEF', 4.80, 'doubt', 0, 0, 0.100, 0.000, 0.000, 0, 48, '214285.jpg'),
(378, 'Nallo', 12, 'DEF', 3.80, 'fit', 100, 100, 0.300, 0.000, 0.000, 0, 38, '611926.jpg'),
(379, 'R.Williams', 12, 'DEF', 3.80, 'fit', NULL, NULL, 0.200, 0.000, 0.000, 0, 38, '219937.jpg'),
(380, 'Ramsay', 12, 'DEF', 3.80, 'fit', NULL, NULL, 0.300, 0.000, 0.000, 0, 38, '489580.jpg'),
(381, 'M.Salah', 12, 'MID', 14.00, 'doubt', 0, NULL, 16.000, 2.000, 4.600, 64, 140, '118748.jpg'),
(382, 'Wirtz', 12, 'MID', 8.00, 'fit', 100, 100, 6.900, 3.600, 2.500, 37, 80, '494595.jpg'),
(383, 'Luis Díaz', 12, 'MID', 8.00, 'doubt', 0, 0, 0.000, 0.000, 0.000, 0, 80, '244731.jpg'),
(384, 'Gakpo', 12, 'MID', 7.40, 'injured', 0, 0, 6.200, 3.800, 4.300, 65, 74, '243298.jpg'),
(385, 'Chiesa', 12, 'MID', 6.30, 'fit', 100, 100, 0.300, 0.400, 2.000, 22, 63, '223541.jpg'),
(386, 'Mac Allister', 12, 'MID', 6.20, 'fit', 100, 100, 1.200, 2.200, 2.400, 36, 62, '243016.jpg'),
(387, 'Szoboszlai', 12, 'MID', 6.70, 'doubt', 75, NULL, 6.100, 3.600, 3.900, 62, 67, '424876.jpg'),
(388, 'C.Jones', 12, 'MID', 5.40, 'fit', 100, 100, 0.100, 1.800, 1.600, 22, 54, '206915.jpg'),
(389, 'Elliott', 2, 'MID', 5.20, 'fit', 100, 100, 0.200, 0.000, 1.000, 4, 52, '444884.jpg'),
(390, 'Gravenberch', 12, 'MID', 5.60, 'fit', 100, 100, 4.500, 3.800, 5.100, 71, 56, '441266.jpg'),
(391, 'Gannon-Doak', 4, 'MID', 4.80, 'injured', 0, 0, 0.000, 0.000, 1.800, 7, 48, '496208.jpg'),
(392, 'Endo', 12, 'MID', 4.90, 'injured', 0, 0, 0.100, 0.200, 1.400, 7, 49, '158983.jpg'),
(393, 'Bajcetic', 12, 'MID', 4.30, 'injured', 0, 0, 0.000, 0.000, 0.000, 0, 43, '535928.jpg'),
(394, 'McConnell', 12, 'MID', 4.40, 'doubt', 0, 0, 0.000, 0.000, 0.000, 0, 44, '491501.jpg'),
(395, 'Morton', 12, 'MID', 4.50, 'doubt', 0, 0, 0.000, 0.000, 0.000, 0, 45, '440148.jpg'),
(396, 'Nyoni', 12, 'MID', 4.30, 'fit', NULL, NULL, 0.400, 0.000, 0.000, 0, 43, '591386.jpg'),
(397, 'Darwin', 12, 'FWD', 6.50, 'doubt', 0, 0, 0.100, 0.000, 0.000, 0, 65, '447203.jpg'),
(398, 'Danns', 12, 'FWD', 4.30, 'injured', 0, 0, 0.100, 0.000, 0.000, 0, 43, '500058.jpg'),
(399, 'Ederson M.', 13, 'GK', 5.30, 'doubt', 0, 0, 0.900, 0.000, 0.000, 0, 53, '121160.jpg'),
(400, 'Ortega Moreno', 13, 'GK', 4.70, 'fit', NULL, NULL, 0.200, 0.000, 0.000, 0, 47, '88248.jpg'),
(401, 'Bettinelli', 13, 'GK', 3.90, 'fit', 100, 100, 0.100, 0.000, 0.000, 0, 39, '122074.jpg'),
(402, 'Aït-Nouri', 13, 'DEF', 5.70, 'doubt', 0, 100, 4.100, 0.200, 2.400, 12, 57, '448514.jpg'),
(403, 'Gvardiol', 13, 'DEF', 5.90, 'fit', 100, 100, 8.500, 5.400, 5.100, 61, 59, '477424.jpg'),
(404, 'Akanji', 13, 'DEF', 5.40, 'doubt', 0, 0, 0.300, 0.000, 0.000, 0, 54, '211975.jpg'),
(405, 'Aké', 13, 'DEF', 5.30, 'fit', NULL, NULL, 0.600, 0.400, 1.700, 12, 53, '126184.jpg'),
(406, 'Khusanov', 13, 'DEF', 5.40, 'fit', 100, 100, 0.300, 0.000, 2.800, 11, 54, '578153.jpg'),
(407, 'Matheus N.', 13, 'DEF', 5.40, 'fit', NULL, NULL, 1.700, 4.600, 4.900, 68, 54, '465351.jpg'),
(408, 'Rúben', 13, 'DEF', 5.70, 'fit', NULL, NULL, 6.700, 6.000, 4.700, 75, 57, '171314.jpg'),
(409, 'Stones', 13, 'DEF', 5.40, 'doubt', 25, 25, 0.600, 0.200, 1.700, 12, 54, '97299.jpg'),
(410, 'Lewis', 13, 'DEF', 4.70, 'fit', 100, 100, 1.400, 0.400, 2.400, 17, 47, '477064.jpg'),
(411, 'O\'Reilly', 13, 'DEF', 5.30, 'fit', 100, 100, 10.100, 3.400, 4.500, 68, 53, '472769.jpg'),
(412, 'Vitor Reis', 13, 'DEF', 5.00, 'doubt', 0, 0, 0.000, 0.000, 0.000, 0, 50, '616222.jpg'),
(413, 'Marmoush', 13, 'MID', 8.30, 'doubt', 0, 100, 2.400, 0.800, 1.600, 16, 83, '438234.jpg'),
(414, 'Foden', 13, 'MID', 8.80, 'fit', 100, 100, 37.500, 11.400, 6.300, 88, 88, '209244.jpg'),
(415, 'Savinho', 13, 'MID', 6.90, 'fit', 100, 100, 0.400, 1.400, 1.900, 23, 69, '510281.jpg'),
(416, 'Bernardo', 13, 'MID', 6.20, 'fit', NULL, NULL, 0.500, 2.000, 2.200, 35, 62, '165809.jpg'),
(417, 'Cherki', 13, 'MID', 6.50, 'fit', 100, 100, 6.100, 5.800, 4.500, 49, 65, '466052.jpg'),
(418, 'Doku', 13, 'MID', 6.50, 'injured', 0, NULL, 6.400, 3.000, 3.900, 59, 65, '248875.jpg'),
(419, 'Grealish', 9, 'MID', 6.50, 'doubt', 75, 100, 10.300, 4.200, 4.300, 64, 65, '114283.jpg'),
(420, 'Gündoğan', 13, 'MID', 6.30, 'doubt', 0, 0, 0.100, 0.000, 0.000, 0, 63, '59859.jpg'),
(421, 'Rodrigo', 13, 'MID', 6.30, 'injured', 0, 0, 0.400, 0.000, 2.000, 12, 63, '220566.jpg'),
(422, 'Kovačić', 13, 'MID', 5.90, 'injured', 0, 0, 0.000, 0.000, 1.000, 1, 59, '91651.jpg'),
(423, 'N.Gonzalez', 13, 'MID', 5.90, 'fit', 100, 100, 0.100, 3.200, 2.900, 44, 59, '465694.jpg'),
(424, 'Bobb', 13, 'MID', 5.10, 'doubt', 75, NULL, 0.200, 0.000, 2.000, 18, 51, '477555.jpg'),
(425, 'Echeverri', 13, 'MID', 5.40, 'doubt', 0, 0, 0.000, 0.000, 0.000, 0, 54, '575204.jpg'),
(426, 'McAtee', 16, 'MID', 5.10, 'fit', NULL, NULL, 0.100, 0.200, 1.000, 5, 51, '432714.jpg'),
(427, 'Reijnders', 13, 'MID', 5.20, 'fit', NULL, NULL, 11.800, 3.000, 3.300, 49, 52, '433036.jpg'),
(428, 'Nypan', 13, 'MID', 5.00, 'doubt', 0, 0, 0.000, 0.000, 0.000, 0, 50, '566164.jpg'),
(429, 'Phillips', 13, 'MID', 4.80, 'fit', NULL, NULL, 0.100, 0.000, 0.000, 0, 48, '155405.jpg'),
(430, 'Haaland', 13, 'FWD', 15.00, 'fit', 100, 100, 73.600, 6.600, 8.400, 135, 150, '223094.jpg'),
(431, 'Bayindir', 14, 'GK', 4.80, 'fit', NULL, NULL, 0.300, 0.000, 1.800, 11, 48, '451302.jpg'),
(432, 'Onana', 14, 'GK', 4.90, 'doubt', 0, 0, 0.100, 0.000, 0.000, 0, 49, '202641.jpg'),
(433, 'Harrison', 14, 'GK', 4.00, 'doubt', 0, 0, 0.000, 0.000, 0.000, 0, 40, '588555.jpg'),
(434, 'Heaton', 14, 'GK', 3.90, 'fit', NULL, NULL, 0.300, 0.000, 0.000, 0, 39, '21205.jpg'),
(435, 'Mee', 14, 'GK', 3.90, 'fit', NULL, NULL, 0.100, 0.000, 0.000, 0, 39, '461537.jpg'),
(436, 'De Ligt', 14, 'DEF', 5.00, 'injured', 0, 0, 2.500, 0.800, 3.300, 43, 50, '209365.jpg'),
(437, 'Martinez', 14, 'DEF', 4.80, 'fit', 100, 100, 0.200, 0.800, 1.000, 4, 48, '221820.jpg'),
(438, 'Mazraoui', 14, 'DEF', 4.90, 'doubt', 0, 100, 0.200, 1.400, 1.900, 17, 49, '230001.jpg'),
(439, 'D.Leon', 14, 'DEF', 4.20, 'fit', NULL, NULL, 0.100, 0.000, 0.000, 0, 42, '661712.jpg'),
(440, 'Dalot', 14, 'DEF', 4.40, 'fit', 100, 100, 1.700, 5.000, 3.400, 47, 44, '216051.jpg'),
(441, 'Dorgu', 14, 'DEF', 4.10, 'fit', NULL, NULL, 2.200, 1.000, 1.400, 21, 41, '596777.jpg'),
(442, 'Maguire', 14, 'DEF', 4.30, 'injured', 0, 0, 0.500, 0.000, 4.100, 33, 43, '95658.jpg'),
(443, 'Shaw', 14, 'DEF', 4.50, 'fit', NULL, NULL, 0.600, 1.200, 2.100, 34, 45, '106760.jpg'),
(444, 'Yoro', 14, 'DEF', 4.30, 'fit', NULL, NULL, 1.400, 1.200, 1.800, 29, 43, '550864.jpg'),
(445, 'Amass', 14, 'DEF', 4.00, 'doubt', 0, 0, 0.100, 0.000, 0.000, 0, 40, '577974.jpg'),
(446, 'Fredricson', 14, 'DEF', 3.80, 'fit', NULL, NULL, 0.100, 0.000, 0.000, 0, 38, '547676.jpg'),
(447, 'Heaven', 14, 'DEF', 3.80, 'fit', 100, 100, 1.600, 0.800, 1.600, 8, 38, '606745.jpg'),
(448, 'Malacia', 14, 'DEF', 3.80, 'fit', NULL, NULL, 0.400, 0.000, 0.000, 0, 38, '222690.jpg'),
(449, 'B.Fernandes', 14, 'MID', 9.30, 'fit', NULL, NULL, 29.300, 9.600, 6.100, 98, 93, '141746.jpg'),
(450, 'Cunha', 14, 'MID', 7.90, 'fit', 100, 100, 4.200, 3.200, 3.200, 42, 79, '430871.jpg'),
(451, 'Rashford', 14, 'MID', 7.00, 'doubt', 0, 0, 0.000, 0.000, 0.000, 0, 70, '176297.jpg'),
(452, 'Amad', 14, 'MID', 6.30, 'doubt', 0, 100, 1.300, 3.800, 3.700, 56, 63, '493250.jpg'),
(453, 'Garnacho', 7, 'MID', 6.40, 'fit', NULL, NULL, 0.600, 1.600, 3.200, 32, 64, '493105.jpg'),
(454, 'Antony', 14, 'MID', 5.90, 'doubt', 0, 0, 0.100, 0.000, 0.000, 0, 59, '467169.jpg'),
(455, 'Mount', 14, 'MID', 5.90, 'fit', 100, 100, 0.700, 3.800, 3.200, 41, 59, '184341.jpg'),
(456, 'Sancho', 2, 'MID', 5.80, 'doubt', 0, 100, 0.200, 0.600, 1.000, 7, 58, '209243.jpg'),
(457, 'Casemiro', 14, 'MID', 5.50, 'suspended', 0, 100, 1.100, 4.000, 4.500, 67, 55, '61256.jpg'),
(458, 'Mainoo', 14, 'MID', 4.60, 'fit', 100, 100, 0.400, 0.800, 1.000, 11, 46, '516895.jpg'),
(459, 'Ugarte', 14, 'MID', 4.70, 'fit', NULL, NULL, 0.100, 0.200, 1.400, 14, 47, '232112.jpg'),
(460, 'Collyer', 14, 'MID', 4.50, 'doubt', 0, 0, 0.000, 0.000, 0.000, 0, 45, '490881.jpg'),
(461, 'Fitzgerald', 14, 'MID', 4.40, 'fit', NULL, NULL, 0.000, 0.000, 0.000, 0, 44, '556639.jpg'),
(462, 'J.Fletcher', 14, 'MID', 4.30, 'fit', NULL, NULL, 0.100, 0.000, 0.000, 0, 43, '547037.jpg'),
(463, 'Kone', 14, 'MID', 4.30, 'fit', NULL, NULL, 0.100, 0.000, 0.000, 0, 43, '618873.jpg'),
(464, 'Moorhouse', 14, 'MID', 4.50, 'doubt', 0, 0, 0.000, 0.000, 0.000, 0, 45, '559684.jpg'),
(465, 'Højlund', 14, 'FWD', 6.30, 'doubt', 0, 0, 0.300, 0.000, 0.000, 0, 63, '497894.jpg'),
(466, 'Zirkzee', 14, 'FWD', 5.80, 'fit', 100, 100, 0.500, 2.800, 2.000, 18, 58, '458249.jpg'),
(467, 'Obi', 14, 'FWD', 4.20, 'fit', NULL, NULL, 1.600, 0.000, 0.000, 0, 42, '596047.jpg'),
(468, 'Wheatley', 14, 'FWD', 4.50, 'doubt', 0, 0, 0.100, 0.000, 0.000, 0, 45, '575034.jpg'),
(469, 'Pope', 15, 'GK', 5.10, 'doubt', 75, 25, 5.000, 0.600, 4.600, 55, 51, '98747.jpg'),
(470, 'Dúbravka', 3, 'GK', 4.00, 'fit', 100, 100, 33.500, 1.800, 2.800, 44, 40, '67089.jpg'),
(471, 'Gillespie', 15, 'GK', 3.90, 'fit', NULL, NULL, 0.100, 0.000, 0.000, 0, 39, '81441.jpg'),
(472, 'Odysseas', 15, 'GK', 4.00, 'doubt', 0, 0, 0.000, 0.000, 0.000, 0, 40, '111452.jpg'),
(473, 'Hall', 15, 'DEF', 5.20, 'doubt', 75, 100, 1.100, 3.000, 2.700, 24, 52, '487838.jpg'),
(474, 'Schär', 15, 'DEF', 5.30, 'fit', 100, 100, 1.700, 1.800, 3.100, 34, 53, '119471.jpg'),
(475, 'Botman', 15, 'DEF', 4.90, 'doubt', 25, 25, 0.400, 0.200, 3.200, 32, 49, '220237.jpg'),
(476, 'Burn', 15, 'DEF', 5.20, 'injured', 0, 100, 7.200, 3.800, 4.500, 67, 52, '78916.jpg'),
(477, 'Livramento', 15, 'DEF', 4.90, 'doubt', 75, 100, 3.300, 2.000, 4.300, 47, 49, '441191.jpg'),
(478, 'Trippier', 15, 'DEF', 4.90, 'injured', 0, 25, 1.400, 0.000, 3.300, 30, 49, '77794.jpg'),
(479, 'Krafth', 15, 'DEF', 4.30, 'injured', 0, 25, 0.000, 0.000, 0.000, 0, 43, '111773.jpg'),
(480, 'Lascelles', 15, 'DEF', 4.30, 'fit', NULL, NULL, 0.100, 0.000, 0.500, 1, 43, '101148.jpg'),
(481, 'A.Murphy', 15, 'DEF', 3.80, 'fit', NULL, NULL, 0.700, 0.000, 0.000, 0, 38, '545477.jpg'),
(482, 'Ashby', 15, 'DEF', 3.90, 'fit', 100, 100, 0.100, 0.000, 0.000, 0, 39, '441024.jpg'),
(483, 'Pivas', 15, 'DEF', 3.80, 'fit', NULL, NULL, 0.400, 0.000, 0.000, 0, 38, '578512.jpg'),
(484, 'Targett', 15, 'DEF', 4.00, 'doubt', 0, 0, 0.200, 0.000, 0.000, 0, 40, '169359.jpg'),
(485, 'Gordon', 15, 'MID', 7.30, 'fit', 100, 100, 2.600, 3.600, 2.700, 30, 73, '232826.jpg'),
(486, 'Elanga', 15, 'MID', 6.60, 'fit', NULL, NULL, 2.900, 2.000, 1.600, 26, 66, '449434.jpg'),
(487, 'Barnes', 15, 'MID', 6.30, 'fit', NULL, NULL, 1.500, 4.200, 3.000, 45, 63, '201666.jpg'),
(488, 'Bruno G.', 15, 'MID', 7.00, 'fit', NULL, NULL, 14.700, 6.400, 5.500, 82, 70, '208706.jpg'),
(489, 'J.Murphy', 15, 'MID', 6.00, 'fit', NULL, NULL, 0.800, 1.200, 3.200, 42, 60, '114243.jpg'),
(490, 'Joelinton', 15, 'MID', 5.90, 'fit', 100, 75, 0.300, 2.000, 2.400, 31, 59, '180974.jpg'),
(491, 'Tonali', 15, 'MID', 5.30, 'fit', 100, 100, 1.000, 1.400, 2.400, 39, 53, '432422.jpg'),
(492, 'Antoñito C.', 15, 'MID', 4.90, 'doubt', 0, 0, 0.000, 0.000, 0.000, 0, 49, '640108.jpg'),
(493, 'Longstaff', 11, 'MID', 4.80, 'injured', 0, 0, 0.300, 0.400, 3.300, 40, 48, '180135.jpg'),
(494, 'Willock', 15, 'MID', 5.00, 'fit', 100, 100, 0.100, 1.000, 1.400, 10, 50, '200089.jpg'),
(495, 'Hayden', 15, 'MID', 4.50, 'doubt', 0, 0, 0.000, 0.000, 0.000, 0, 45, '153127.jpg'),
(496, 'Kuol', 15, 'MID', 4.40, 'doubt', 0, 0, 0.000, 0.000, 0.000, 0, 44, '564510.jpg'),
(497, 'L.Miley', 15, 'MID', 4.40, 'fit', 100, 100, 2.400, 4.000, 2.800, 34, 44, '547719.jpg'),
(498, 'White', 15, 'MID', 4.50, 'doubt', 0, 0, 0.000, 0.000, 0.000, 0, 45, '461484.jpg'),
(499, 'Isak', 12, 'FWD', 10.30, 'fit', 100, 75, 4.300, 2.600, 2.600, 23, 103, '219168.jpg'),
(500, 'Osula', 15, 'FWD', 5.40, 'doubt', 25, 25, 0.200, 0.000, 1.800, 18, 54, '538207.jpg'),
(501, 'Neave', 15, 'FWD', 4.40, 'fit', NULL, NULL, 0.200, 0.000, 0.000, 0, 44, '599303.jpg'),
(502, 'Sels', 16, 'GK', 4.70, 'doubt', 75, 75, 6.500, 3.400, 2.700, 40, 47, '85633.jpg'),
(503, 'C.Miguel', 16, 'GK', 4.00, 'doubt', 0, 0, 0.100, 0.000, 0.000, 0, 40, '475123.jpg'),
(504, 'Turner', 16, 'GK', 4.00, 'doubt', 0, 0, 0.100, 0.000, 0.000, 0, 40, '224068.jpg'),
(505, 'Milenković', 16, 'DEF', 5.10, 'fit', NULL, NULL, 3.500, 4.600, 2.600, 42, 51, '227444.jpg'),
(506, 'Murillo', 16, 'DEF', 5.20, 'fit', 100, 100, 1.900, 4.600, 3.600, 36, 52, '575476.jpg'),
(507, 'Aina', 16, 'DEF', 4.70, 'injured', 0, 0, 2.000, 0.000, 2.000, 6, 47, '159506.jpg'),
(508, 'N.Williams', 16, 'DEF', 4.70, 'fit', NULL, NULL, 3.500, 6.000, 3.100, 50, 47, '215136.jpg'),
(509, 'David Carmo', 16, 'DEF', 4.50, 'doubt', 0, 0, 0.000, 0.000, 0.000, 0, 45, '451432.jpg'),
(510, 'Jair Cunha', 16, 'DEF', 4.30, 'fit', NULL, NULL, 0.100, 0.000, 3.000, 3, 43, '575458.jpg'),
(511, 'Morato', 16, 'DEF', 4.30, 'fit', NULL, NULL, 0.100, 2.400, 2.200, 20, 43, '485047.jpg'),
(512, 'O.Richards', 16, 'DEF', 4.50, 'doubt', 0, 0, 0.000, 0.000, 0.000, 0, 45, '204822.jpg'),
(513, 'Abbott', 16, 'DEF', 3.80, 'fit', NULL, NULL, 0.200, 0.200, 1.000, 1, 38, '549067.jpg'),
(514, 'Boly', 16, 'DEF', 3.80, 'doubt', 0, NULL, 0.400, 0.000, 0.000, 0, 38, '90585.jpg'),
(515, 'Gibbs-White', 16, 'MID', 7.30, 'fit', 100, 100, 3.000, 3.600, 3.600, 58, 73, '222531.jpg'),
(516, 'Hudson-Odoi', 16, 'MID', 5.70, 'fit', 100, 100, 0.800, 4.600, 3.000, 45, 57, '209046.jpg'),
(517, 'Anderson', 16, 'MID', 5.40, 'fit', NULL, NULL, 5.000, 4.800, 4.100, 65, 54, '215379.jpg'),
(518, 'Jota', 16, 'MID', 5.40, 'doubt', 0, 0, 0.000, 0.000, 1.000, 1, 54, '510500.jpg'),
(519, 'Dominguez', 16, 'MID', 5.00, 'doubt', 75, 100, 0.000, 1.200, 1.100, 8, 50, '250199.jpg'),
(520, 'O\'Brien', 16, 'MID', 5.00, 'doubt', 0, 0, 0.000, 0.000, 0.000, 0, 50, '243345.jpg'),
(521, 'Sangaré', 16, 'MID', 4.90, 'doubt', 0, NULL, 0.100, 5.800, 3.600, 47, 49, '210462.jpg'),
(522, 'Yates', 16, 'MID', 4.70, 'injured', 0, 0, 0.100, 0.800, 1.400, 15, 47, '204968.jpg'),
(523, 'Da Silva Moreira', 16, 'MID', 4.50, 'doubt', 0, 0, 0.100, 0.000, 0.000, 0, 45, '569014.jpg'),
(524, 'Stamenic', 16, 'MID', 4.50, 'doubt', 0, 0, 0.000, 0.000, 0.000, 0, 45, '495161.jpg'),
(525, 'Wood', 16, 'FWD', 7.20, 'injured', 0, 0, 5.100, 0.000, 3.100, 25, 72, '60689.jpg'),
(526, 'Igor Jesus', 16, 'FWD', 5.80, 'fit', NULL, NULL, 1.200, 3.400, 2.100, 31, 58, '482973.jpg'),
(527, 'Awoniyi', 16, 'FWD', 5.20, 'doubt', 25, 25, 0.300, 0.000, 1.000, 4, 52, '210156.jpg'),
(528, 'Patterson', 17, 'GK', 4.20, 'fit', NULL, NULL, 0.200, 0.000, 0.000, 0, 42, '232571.jpg'),
(529, 'Moore', 17, 'GK', 3.90, 'fit', NULL, NULL, 0.400, 0.000, 0.000, 0, 39, '74854.jpg'),
(530, 'Nna Noukeu', 17, 'GK', 3.90, 'fit', NULL, NULL, 0.100, 0.000, 0.000, 0, 39, '490000.jpg'),
(531, 'Ballard', 17, 'DEF', 4.60, 'fit', 100, 100, 3.400, 3.400, 4.700, 66, 46, '223827.jpg'),
(532, 'Hume', 17, 'DEF', 4.50, 'fit', NULL, NULL, 0.300, 1.000, 2.900, 46, 45, '487676.jpg'),
(533, 'Alese', 17, 'DEF', 4.00, 'injured', 0, 0, 0.000, 0.000, 0.000, 0, 40, '220684.jpg'),
(534, 'Anderson', 17, 'DEF', 3.90, 'fit', NULL, NULL, 0.400, 0.000, 0.000, 0, 39, '232820.jpg'),
(535, 'Cirkin', 17, 'DEF', 4.00, 'fit', 100, 100, 0.000, 0.000, 0.000, 0, 40, '461195.jpg'),
(536, 'Hjelde', 17, 'DEF', 4.00, 'doubt', 25, 25, 0.000, 0.000, 0.000, 0, 40, '477547.jpg'),
(537, 'Huggins', 17, 'DEF', 4.00, 'doubt', 0, 0, 0.100, 0.000, 0.000, 0, 40, '492066.jpg'),
(538, 'Johnson', 17, 'DEF', 3.90, 'fit', NULL, NULL, 0.200, 0.000, 0.000, 0, 39, '514613.jpg'),
(539, 'O\'Nien', 17, 'DEF', 4.00, 'suspended', 0, 0, 0.000, -0.200, -0.500, -1, 40, '167512.jpg'),
(540, 'Pembele', 17, 'DEF', 3.90, 'fit', NULL, NULL, 0.400, 0.000, 0.000, 0, 39, '465702.jpg'),
(541, 'Reinildo', 17, 'DEF', 3.90, 'doubt', 0, 100, 3.300, 3.800, 3.100, 37, 39, '434399.jpg'),
(542, 'Seelt', 17, 'DEF', 4.00, 'doubt', 0, 0, 0.100, 0.000, 1.000, 2, 40, '519634.jpg');
INSERT INTO `players` (`id`, `name`, `team_id`, `position`, `price`, `status`, `chance_playing_next`, `chance_playing_this`, `selected_by_percent`, `form`, `points_per_game`, `total_points`, `now_cost`, `photo`) VALUES
(543, 'Adingra', 17, 'MID', 4.90, 'fit', NULL, NULL, 0.400, 0.400, 1.800, 16, 49, '535818.jpg'),
(544, 'Diarra', 17, 'MID', 5.30, 'doubt', 0, 0, 0.000, 0.000, 3.000, 12, 53, '547027.jpg'),
(545, 'Roberts', 17, 'MID', 5.40, 'doubt', 0, 0, 0.000, 0.000, 1.000, 1, 54, '124165.jpg'),
(546, 'Aleksić', 17, 'MID', 4.90, 'doubt', 0, 0, 0.000, 0.000, 0.000, 0, 49, '626844.jpg'),
(547, 'E.Le Fée', 17, 'MID', 4.90, 'fit', 100, 100, 0.600, 4.800, 3.900, 58, 49, '484420.jpg'),
(548, 'Mundle', 17, 'MID', 4.90, 'fit', 100, 100, 0.000, 0.400, 0.700, 2, 49, '461199.jpg'),
(549, 'Neil', 17, 'MID', 4.80, 'fit', NULL, NULL, 0.000, 0.000, 1.000, 2, 48, '223336.jpg'),
(550, 'Poveda', 17, 'MID', 4.80, 'fit', NULL, NULL, 0.000, 0.000, 0.000, 0, 48, '215460.jpg'),
(551, 'Rigg', 17, 'MID', 4.70, 'fit', NULL, NULL, 0.000, 0.000, 1.300, 8, 47, '554197.jpg'),
(552, 'Sadiki', 17, 'MID', 5.00, 'doubt', 0, 100, 0.100, 2.200, 2.300, 37, 50, '577669.jpg'),
(553, 'Talbi', 17, 'MID', 5.00, 'doubt', 0, NULL, 0.200, 3.400, 3.200, 51, 50, '549912.jpg'),
(554, 'Ba', 17, 'MID', 4.30, 'fit', NULL, NULL, 0.400, 0.000, 0.000, 0, 43, '477851.jpg'),
(555, 'Browne', 17, 'MID', 4.50, 'doubt', 0, 0, 0.000, 0.000, 0.000, 0, 45, '171422.jpg'),
(556, 'Ekwah', 17, 'MID', 4.50, 'doubt', 0, 0, 0.000, 0.000, 0.000, 0, 45, '458297.jpg'),
(557, 'H.Jones', 17, 'MID', 4.30, 'fit', NULL, NULL, 0.100, 0.000, 0.000, 0, 43, '547410.jpg'),
(558, 'Matete', 17, 'MID', 4.30, 'fit', NULL, NULL, 0.200, 0.000, 0.000, 0, 43, '493837.jpg'),
(559, 'Triantis', 17, 'MID', 4.40, 'doubt', 0, 0, 0.000, 0.000, 0.000, 0, 44, '500696.jpg'),
(560, 'Isidor', 17, 'FWD', 5.50, 'fit', NULL, NULL, 2.500, 1.200, 2.900, 47, 55, '437505.jpg'),
(561, 'Mayenda', 17, 'FWD', 5.30, 'fit', NULL, NULL, 0.600, 0.200, 2.100, 17, 53, '564406.jpg'),
(562, 'Abdullahi', 17, 'FWD', 4.30, 'fit', NULL, NULL, 0.400, 0.000, 0.000, 0, 43, '611975.jpg'),
(563, 'Luís Hemir', 17, 'FWD', 4.40, 'doubt', 0, 0, 0.100, 0.000, 0.000, 0, 44, '551153.jpg'),
(564, 'Rusyn', 17, 'FWD', 4.40, 'doubt', 0, 0, 0.100, 0.000, 0.000, 0, 44, '440955.jpg'),
(565, 'Vicario', 18, 'GK', 4.90, 'fit', NULL, NULL, 7.500, 2.400, 3.700, 59, 49, '184254.jpg'),
(566, 'Austin', 18, 'GK', 3.90, 'fit', NULL, NULL, 0.300, 0.000, 0.000, 0, 39, '214572.jpg'),
(567, 'Kinsky', 18, 'GK', 3.90, 'fit', NULL, NULL, 1.800, 0.000, 0.000, 0, 39, '485055.jpg'),
(568, 'Pedro Porro', 18, 'DEF', 5.30, 'fit', NULL, NULL, 13.500, 1.400, 3.300, 53, 53, '441164.jpg'),
(569, 'Romero', 18, 'DEF', 5.00, 'fit', 100, 100, 4.400, 5.000, 4.500, 59, 50, '221632.jpg'),
(570, 'Danso', 18, 'DEF', 4.30, 'fit', NULL, NULL, 0.100, 1.400, 1.700, 19, 43, '135720.jpg'),
(571, 'Davies', 18, 'DEF', 4.30, 'fit', 100, 100, 0.100, 0.200, 1.000, 1, 43, '115556.jpg'),
(572, 'Dragusin', 18, 'DEF', 4.50, 'doubt', 75, 75, 0.000, 0.000, 0.000, 0, 45, '493125.jpg'),
(573, 'Spence', 18, 'DEF', 4.30, 'fit', NULL, NULL, 1.200, 1.200, 2.800, 37, 43, '232859.jpg'),
(574, 'Udogie', 18, 'DEF', 4.40, 'injured', 0, 0, 0.300, 0.200, 1.300, 13, 44, '487053.jpg'),
(575, 'Van de Ven', 18, 'DEF', 4.60, 'fit', NULL, NULL, 28.300, 1.400, 4.300, 65, 46, '491279.jpg'),
(576, 'Phillips', 18, 'DEF', 4.00, 'doubt', 0, 0, 0.000, 0.000, 0.000, 0, 40, '548308.jpg'),
(577, 'Takai', 18, 'DEF', 4.00, 'doubt', 75, 75, 0.000, 0.000, 0.000, 0, 40, '553299.jpg'),
(578, 'Vuskovic', 18, 'DEF', 3.90, 'doubt', 0, 0, 0.400, 0.000, 0.000, 0, 39, '610799.jpg'),
(579, 'Son', 18, 'MID', 8.50, 'doubt', 0, 0, 0.100, 0.000, 0.000, 0, 85, '85971.jpg'),
(580, 'Johnson', 18, 'MID', 6.50, 'fit', NULL, NULL, 2.500, 0.800, 2.300, 32, 65, '242898.jpg'),
(581, 'Maddison', 18, 'MID', 6.80, 'injured', 0, 0, 0.100, 0.000, 0.000, 0, 68, '172780.jpg'),
(582, 'Kudus', 18, 'MID', 6.40, 'fit', 100, 100, 15.200, 4.400, 4.500, 67, 64, '460842.jpg'),
(583, 'Kulusevski', 18, 'MID', 6.40, 'injured', 0, 0, 0.000, 0.000, 0.000, 0, 64, '445044.jpg'),
(584, 'Tel', 18, 'MID', 6.20, 'fit', NULL, NULL, 0.100, 1.200, 2.600, 29, 62, '511499.jpg'),
(585, 'Bentancur', 18, 'MID', 5.30, 'fit', NULL, NULL, 0.200, 2.200, 3.100, 46, 53, '202993.jpg'),
(586, 'Bergvall', 18, 'MID', 5.30, 'fit', 100, 100, 0.200, 1.400, 2.600, 31, 53, '570526.jpg'),
(587, 'Bissouma', 18, 'MID', 5.20, 'doubt', 0, 0, 0.000, 0.000, 0.000, 0, 52, '227127.jpg'),
(588, 'Odobert', 18, 'MID', 5.30, 'fit', 100, 100, 0.000, 1.000, 1.700, 24, 53, '550839.jpg'),
(589, 'Solomon', 18, 'MID', 5.40, 'doubt', 0, 0, 0.000, 0.000, 0.000, 0, 54, '235674.jpg'),
(590, 'Bryan', 18, 'MID', 4.90, 'doubt', 0, 0, 0.000, 0.000, 0.000, 0, 49, '436234.jpg'),
(591, 'Gray', 18, 'MID', 4.80, 'fit', 100, 100, 0.100, 0.800, 1.300, 8, 48, '547701.jpg'),
(592, 'Moore', 18, 'MID', 5.00, 'doubt', 0, 0, 0.000, 0.000, 0.000, 0, 50, '499721.jpg'),
(593, 'P.M.Sarr', 18, 'MID', 4.60, 'doubt', 0, 100, 1.100, 1.000, 3.000, 42, 46, '482442.jpg'),
(594, 'Min-hyeok', 18, 'MID', 4.50, 'doubt', 0, 0, 0.000, 0.000, 0.000, 0, 45, '623095.jpg'),
(595, 'Olusesi', 18, 'MID', 4.30, 'fit', NULL, NULL, 0.200, 0.000, 0.000, 0, 43, '499726.jpg'),
(596, 'Solanke', 18, 'FWD', 7.20, 'injured', 0, 0, 0.900, 0.000, 1.000, 2, 72, '154566.jpg'),
(597, 'Richarlison', 18, 'FWD', 6.40, 'fit', NULL, NULL, 7.900, 3.400, 3.800, 61, 64, '212319.jpg'),
(598, 'Lankshear', 18, 'FWD', 4.50, 'doubt', 0, 0, 0.000, 0.000, 0.000, 0, 45, '552427.jpg'),
(599, 'Scarlett', 18, 'FWD', 4.30, 'fit', NULL, NULL, 0.600, 0.000, 0.000, 0, 43, '490145.jpg'),
(600, 'Areola', 19, 'GK', 4.30, 'fit', NULL, NULL, 2.100, 3.600, 2.800, 33, 43, '84182.jpg'),
(601, 'Foderingham', 19, 'GK', 4.00, 'doubt', 0, 0, 0.300, 0.000, 0.000, 0, 40, '82143.jpg'),
(602, 'Hegyi', 19, 'GK', 3.90, 'fit', NULL, NULL, 0.200, 0.000, 0.000, 0, 39, '483364.jpg'),
(603, 'Diouf', 19, 'DEF', 4.10, 'doubt', 0, NULL, 1.900, 2.600, 2.800, 44, 41, '613804.jpg'),
(604, 'Emerson', 19, 'DEF', 4.40, 'doubt', 0, 0, 0.100, 0.000, 0.000, 0, 44, '109533.jpg'),
(605, 'Kilman', 19, 'DEF', 4.20, 'fit', NULL, NULL, 0.200, 1.600, 2.000, 28, 42, '214048.jpg'),
(606, 'Mavropanos', 19, 'DEF', 4.40, 'fit', 100, 100, 0.100, 2.400, 2.900, 29, 44, '233963.jpg'),
(607, 'N.Aguerd', 19, 'DEF', 4.40, 'doubt', 0, 0, 0.000, 0.000, 1.500, 3, 44, '210494.jpg'),
(608, 'Scarles', 19, 'DEF', 4.30, 'fit', 100, 100, 0.000, 0.000, 0.500, 1, 43, '536109.jpg'),
(609, 'Todibo', 19, 'DEF', 4.30, 'fit', NULL, NULL, 0.100, 2.600, 1.800, 20, 43, '462116.jpg'),
(610, 'Wan-Bissaka', 19, 'DEF', 4.20, 'doubt', 0, 100, 4.800, 2.200, 2.100, 25, 42, '214590.jpg'),
(611, 'Casey', 19, 'DEF', 4.00, 'doubt', 0, 0, 0.100, 0.000, 0.000, 0, 40, '518438.jpg'),
(612, 'L.Paquetá', 19, 'MID', 5.90, 'fit', 100, 100, 1.400, 0.800, 3.500, 49, 59, '224024.jpg'),
(613, 'Souček', 19, 'MID', 5.70, 'fit', 100, 100, 0.200, 1.200, 2.500, 32, 57, '215439.jpg'),
(614, 'Ward-Prowse', 19, 'MID', 5.60, 'fit', NULL, NULL, 0.200, 0.000, 2.200, 11, 56, '101178.jpg'),
(615, 'Summerville', 19, 'MID', 5.50, 'fit', 100, 100, 0.100, 1.000, 2.500, 28, 55, '450070.jpg'),
(616, 'Álvarez', 19, 'MID', 4.90, 'doubt', 0, 0, 0.000, 0.000, 0.000, 0, 49, '213999.jpg'),
(617, 'Cornet', 19, 'MID', 4.90, 'doubt', 0, 0, 0.000, 0.000, 0.000, 0, 49, '149519.jpg'),
(618, 'G.Rodriguez', 19, 'MID', 4.80, 'fit', NULL, NULL, 0.000, 0.600, 1.500, 6, 48, '197024.jpg'),
(619, 'L.Guilherme', 19, 'MID', 4.90, 'fit', 100, 100, 0.000, 0.400, 1.000, 5, 49, '577114.jpg'),
(620, 'Earthy', 19, 'MID', 4.50, 'fit', 100, 100, 0.000, 0.000, 0.000, 0, 45, '490885.jpg'),
(621, 'Irving', 19, 'MID', 4.40, 'fit', NULL, NULL, 0.300, 0.200, 1.300, 9, 44, '229384.jpg'),
(622, 'Orford', 19, 'MID', 4.40, 'doubt', 0, 0, 0.100, 0.000, 0.000, 0, 44, '518442.jpg'),
(623, 'Potts', 19, 'MID', 4.40, 'fit', 100, 100, 0.700, 2.200, 1.900, 21, 44, '490142.jpg'),
(624, 'Bowen', 19, 'FWD', 7.50, 'fit', NULL, NULL, 6.600, 5.600, 4.600, 74, 75, '178186.jpg'),
(625, 'Füllkrug', 19, 'FWD', 5.60, 'fit', 100, 100, 0.600, 0.400, 1.500, 12, 56, '91889.jpg'),
(626, 'Marshall', 19, 'FWD', 4.30, 'fit', NULL, NULL, 0.600, 0.000, 1.000, 2, 43, '565431.jpg'),
(627, 'Johnstone', 20, 'GK', 4.50, 'fit', NULL, NULL, 0.100, 1.200, 1.800, 21, 45, '101982.jpg'),
(628, 'José Sá', 20, 'GK', 4.20, 'fit', NULL, NULL, 1.000, 0.000, 1.200, 5, 42, '149065.jpg'),
(629, 'Bentley', 20, 'GK', 4.00, 'injured', 0, 0, 0.500, 0.000, 0.000, 0, 40, '79602.jpg'),
(630, 'King', 9, 'GK', 3.90, 'fit', NULL, NULL, 1.400, 0.000, 0.000, 0, 39, '138001.jpg'),
(631, 'Agbadou', 20, 'DEF', 4.30, 'doubt', 0, 100, 0.100, 1.800, 1.500, 20, 43, '516939.jpg'),
(632, 'Doherty', 20, 'DEF', 4.40, 'fit', 100, 100, 0.100, 1.000, 1.400, 7, 44, '87835.jpg'),
(633, 'H.Bueno', 20, 'DEF', 4.30, 'fit', 100, 100, 0.100, 0.600, 1.700, 24, 43, '490721.jpg'),
(634, 'Mosquera', 20, 'DEF', 4.30, 'suspended', 0, NULL, 0.000, 0.200, 0.200, 2, 43, '501837.jpg'),
(635, 'R.Gomes', 20, 'DEF', 4.40, 'injured', 0, 0, 0.100, 0.000, 2.200, 13, 44, '483081.jpg'),
(636, 'S.Bueno', 20, 'DEF', 4.40, 'fit', NULL, NULL, 0.100, 0.000, 3.100, 25, 44, '231480.jpg'),
(637, 'Toti', 20, 'DEF', 4.30, 'fit', 100, 100, 0.100, 2.800, 1.500, 20, 43, '510362.jpg'),
(638, 'Hoever', 20, 'DEF', 3.80, 'fit', 100, 100, 1.100, 0.200, 0.900, 6, 38, '441271.jpg'),
(639, 'Meupiyou', 20, 'DEF', 4.00, 'doubt', 0, 0, 0.000, 0.000, 0.000, 0, 40, '560248.jpg'),
(640, 'Pedro Lima', 20, 'DEF', 4.00, 'doubt', 0, 0, 0.400, 0.000, 0.000, 0, 40, '641221.jpg'),
(641, 'Pond', 20, 'DEF', 3.90, 'fit', NULL, NULL, 1.200, 0.000, 0.000, 0, 39, '517179.jpg'),
(642, 'Hee Chan', 20, 'MID', 5.60, 'fit', 100, 100, 0.100, 0.600, 1.700, 19, 56, '184754.jpg'),
(643, 'André', 20, 'MID', 5.30, 'fit', 100, 100, 0.100, 3.000, 2.500, 40, 53, '509291.jpg'),
(644, 'Bellegarde', 20, 'MID', 5.20, 'injured', 0, 0, 0.000, 2.400, 1.800, 25, 52, '231057.jpg'),
(645, 'Fer López', 20, 'MID', 5.20, 'fit', 100, 100, 0.000, 0.400, 1.300, 9, 52, '643135.jpg'),
(646, 'Gomes', 20, 'MID', 5.30, 'fit', 100, 100, 0.100, 2.600, 2.500, 37, 53, '448089.jpg'),
(647, 'Guedes', 20, 'MID', 5.50, 'doubt', 0, 0, 0.000, 0.000, 0.000, 0, 55, '181284.jpg'),
(648, 'Munetsi', 20, 'MID', 5.40, 'injured', 0, 0, 0.000, 0.600, 2.900, 38, 54, '433312.jpg'),
(649, 'B.Traore', 20, 'MID', 5.00, 'doubt', 0, 0, 0.000, 0.000, 0.000, 0, 50, '476502.jpg'),
(650, 'Chirewa', 20, 'MID', 4.30, 'doubt', 0, NULL, 0.300, 0.200, 1.000, 1, 43, '497606.jpg'),
(651, 'Edozie', 20, 'MID', 4.30, 'fit', NULL, NULL, 0.400, 0.000, 0.000, 0, 43, '596054.jpg'),
(652, 'Gonzalez', 20, 'MID', 4.30, 'fit', NULL, NULL, 1.300, 0.000, 0.000, 0, 43, '593001.jpg'),
(653, 'Hodge', 20, 'MID', 4.50, 'doubt', 0, 0, 0.000, 0.000, 0.000, 0, 45, '240299.jpg'),
(654, 'Strand Larsen', 20, 'FWD', 6.20, 'fit', 100, 100, 1.000, 1.800, 2.100, 30, 62, '247412.jpg'),
(655, 'Fábio Silva', 20, 'FWD', 4.90, 'doubt', 0, 0, 0.200, 0.000, 0.000, 0, 49, '449988.jpg'),
(656, 'Kalajdžić', 20, 'FWD', 4.90, 'doubt', 0, 0, 0.100, 0.000, 1.000, 1, 49, '429414.jpg'),
(657, 'Chiwome', 20, 'FWD', 4.40, 'injured', 0, 0, 0.000, 0.000, 0.000, 0, 44, '589507.jpg'),
(658, 'Fraser', 20, 'FWD', 4.30, 'fit', NULL, NULL, 1.700, 0.000, 0.000, 0, 43, '531363.jpg'),
(659, 'Walker-Peters', 19, 'DEF', 4.20, 'fit', NULL, NULL, 0.200, 0.000, 1.900, 21, 42, '158534.jpg'),
(660, 'Stach', 11, 'MID', 4.80, 'fit', 100, 100, 1.700, 4.800, 4.600, 64, 48, '466525.jpg'),
(661, 'Ekitiké', 12, 'FWD', 8.60, 'fit', 100, 100, 20.400, 5.800, 4.500, 68, 86, '510663.jpg'),
(662, 'Mosquera', 1, 'DEF', 5.40, 'injured', 0, 0, 0.100, 0.600, 1.700, 17, 54, '500040.jpg'),
(663, 'J.Arias', 20, 'MID', 4.90, 'fit', NULL, NULL, 0.200, 1.400, 1.700, 26, 49, '230376.jpg'),
(664, 'Lecomte', 10, 'GK', 3.90, 'fit', NULL, NULL, 0.700, 0.000, 0.000, 0, 39, '86873.jpg'),
(665, 'Perri', 11, 'GK', 4.50, 'fit', 100, 100, 0.200, 2.000, 2.500, 27, 45, '201595.jpg'),
(666, 'Gyökeres', 1, 'FWD', 8.80, 'fit', 100, 100, 10.500, 0.800, 2.900, 41, 88, '224117.jpg'),
(667, 'Aznou', 9, 'DEF', 4.20, 'fit', 100, 100, 0.100, 0.000, 0.000, 0, 42, '499300.jpg'),
(668, 'Xhaka', 17, 'MID', 5.20, 'fit', NULL, NULL, 6.200, 3.200, 4.200, 68, 52, '84450.jpg'),
(669, 'Ndoye', 16, 'MID', 5.50, 'fit', NULL, NULL, 0.900, 1.800, 2.700, 41, 55, '456512.jpg'),
(670, 'Roefs', 17, 'GK', 4.80, 'fit', NULL, NULL, 8.700, 3.400, 4.600, 73, 48, '498016.jpg'),
(671, 'Wilson', 19, 'FWD', 5.80, 'fit', NULL, NULL, 0.900, 4.200, 3.300, 43, 58, '75115.jpg'),
(672, 'Hato', 7, 'DEF', 4.60, 'fit', NULL, NULL, 0.200, 0.000, 0.800, 3, 46, '551210.jpg'),
(673, 'J.Palhinha', 18, 'MID', 5.50, 'fit', NULL, NULL, 1.200, 2.200, 4.100, 62, 55, '154296.jpg'),
(674, 'Ramsdale', 15, 'GK', 4.80, 'fit', NULL, NULL, 0.900, 1.400, 1.400, 7, 48, '225321.jpg'),
(675, 'Gunn', 16, 'GK', 4.00, 'fit', 100, 0, 1.200, 0.000, 0.000, 0, 40, '107265.jpg'),
(676, 'Ugochukwu', 3, 'MID', 5.00, 'fit', 100, 100, 0.100, 3.000, 3.100, 47, 50, '503714.jpg'),
(677, 'Guessand', 2, 'MID', 6.20, 'fit', 100, 100, 0.000, 1.600, 2.000, 22, 62, '485337.jpg'),
(678, 'Masuaku', 17, 'DEF', 3.90, 'doubt', 0, 100, 0.600, 0.000, 0.300, 1, 39, '105717.jpg'),
(679, 'Hermansen', 19, 'GK', 4.30, 'fit', NULL, NULL, 0.200, 0.000, 2.200, 9, 43, '467189.jpg'),
(680, 'Broja', 3, 'FWD', 5.20, 'fit', 100, 100, 0.100, 1.400, 1.200, 12, 52, '440323.jpg'),
(681, 'Šeško', 14, 'FWD', 7.20, 'fit', 100, 75, 3.000, 0.800, 2.900, 35, 72, '485711.jpg'),
(682, 'Møller Wolfe', 20, 'DEF', 4.30, 'fit', NULL, NULL, 0.100, 1.600, 1.600, 16, 43, '497949.jpg'),
(683, 'Alderete', 17, 'DEF', 4.00, 'fit', 100, 100, 4.500, 2.400, 4.800, 57, 40, '201895.jpg'),
(684, 'Thiaw', 15, 'DEF', 5.00, 'fit', NULL, NULL, 2.800, 5.200, 4.000, 52, 50, '465642.jpg'),
(685, 'Diakité', 4, 'DEF', 4.40, 'fit', 100, 100, 0.400, 2.200, 3.200, 41, 44, '242882.jpg'),
(686, 'Ngumoha', 12, 'MID', 4.30, 'fit', NULL, NULL, 0.600, 0.200, 2.000, 10, 43, '611922.jpg'),
(687, 'Rees-Dottin', 4, 'MID', 4.40, 'fit', NULL, NULL, 0.100, 0.000, 0.000, 0, 44, '606774.jpg'),
(688, 'Wright', 2, 'GK', 3.90, 'fit', NULL, NULL, 0.600, 0.000, 0.000, 0, 39, '481283.jpg'),
(689, 'Seung soo', 15, 'MID', 4.40, 'fit', NULL, NULL, 0.200, 0.000, 0.000, 0, 44, '623110.jpg'),
(690, 'Cardines', 8, 'MID', 4.40, 'injured', 0, 100, 0.300, 0.000, 0.000, 0, 44, '590014.jpg'),
(691, 'Calvert-Lewin', 11, 'FWD', 5.70, 'fit', 100, 100, 4.300, 6.400, 4.100, 57, 57, '177815.jpg'),
(692, 'Leoni', 12, 'DEF', 4.90, 'injured', 0, 0, 0.000, 0.000, 0.000, 0, 49, '647681.jpg'),
(693, 'Hutchinson', 16, 'MID', 5.40, 'fit', NULL, NULL, 0.100, 3.600, 2.800, 31, 54, '503301.jpg'),
(694, 'Mukiele', 17, 'DEF', 4.20, 'fit', NULL, NULL, 6.000, 2.600, 4.600, 64, 42, '200834.jpg'),
(695, 'Tchatchoua', 20, 'DEF', 4.50, 'fit', NULL, NULL, 0.000, 1.200, 1.300, 20, 45, '523705.jpg'),
(696, 'Kalimuendo', 16, 'FWD', 6.00, 'fit', NULL, NULL, 0.100, 0.200, 1.000, 7, 60, '465680.jpg'),
(697, 'Adli', 4, 'MID', 5.40, 'fit', NULL, NULL, 0.000, 2.000, 1.500, 18, 54, '489888.jpg'),
(698, 'Okafor', 11, 'MID', 5.50, 'fit', 100, 100, 0.100, 2.200, 3.100, 40, 55, '435997.jpg'),
(699, 'Douglas Luiz', 16, 'MID', 4.90, 'fit', 100, 100, 0.000, 0.200, 1.600, 8, 49, '230046.jpg'),
(700, 'Dowman', 1, 'MID', 4.30, 'injured', 0, 0, 0.400, 0.000, 2.500, 5, 43, '616077.jpg'),
(701, 'Rowe', 2, 'DEF', 4.00, 'doubt', 0, 0, 0.100, 0.000, 0.000, 0, 40, '569577.jpg'),
(702, 'Burrowes', 2, 'MID', 4.40, 'fit', NULL, NULL, 0.100, 0.000, 1.000, 1, 44, '645618.jpg'),
(703, 'Proctor', 2, 'GK', 3.90, 'fit', NULL, NULL, 0.500, 0.000, 0.000, 0, 39, '564505.jpg'),
(704, 'Onyango', 9, 'MID', 4.50, 'doubt', 0, 0, 0.100, 0.000, 0.000, 0, 45, '461446.jpg'),
(705, 'Campbell', 9, 'DEF', 3.90, 'fit', NULL, NULL, 0.200, 0.000, 0.000, 0, 39, '491745.jpg'),
(706, 'Justin', 11, 'DEF', 3.90, 'fit', NULL, NULL, 0.200, 0.600, 0.900, 7, 39, '220627.jpg'),
(707, 'Dibling', 9, 'MID', 5.30, 'fit', NULL, NULL, 0.000, 0.600, 0.900, 6, 53, '496661.jpg'),
(708, 'M.Fernandes', 19, 'MID', 5.50, 'fit', NULL, NULL, 0.100, 4.800, 3.700, 52, 55, '551226.jpg'),
(709, 'Krejčí', 20, 'DEF', 4.50, 'fit', 100, 100, 0.000, 0.800, 1.900, 21, 45, '431248.jpg'),
(710, 'Patterson', 2, 'DEF', 3.90, 'fit', NULL, NULL, 0.200, 0.000, 0.000, 0, 39, '534836.jpg'),
(711, 'Harriman-Annous', 1, 'MID', 4.50, 'fit', NULL, NULL, 0.000, 0.000, 0.000, 0, 45, '646243.jpg'),
(712, 'Yeremy', 8, 'MID', 5.80, 'fit', 100, 100, 0.300, 4.000, 2.500, 35, 58, '488024.jpg'),
(713, 'A.Jimenez', 4, 'DEF', 4.50, 'fit', NULL, NULL, 0.100, 2.800, 1.800, 22, 45, '551483.jpg'),
(714, 'Woltemade', 15, 'FWD', 7.40, 'fit', NULL, NULL, 18.400, 3.200, 4.300, 56, 74, '470313.jpg'),
(715, 'John', 16, 'GK', 4.00, 'fit', NULL, NULL, 0.300, 1.200, 6.000, 6, 40, '221389.jpg'),
(716, 'Savona', 16, 'DEF', 4.50, 'fit', NULL, NULL, 0.200, 4.600, 3.200, 35, 45, '500151.jpg'),
(717, 'Xavi', 18, 'MID', 6.50, 'fit', NULL, NULL, 1.300, 4.200, 3.200, 41, 65, '493362.jpg'),
(718, 'S.Magassa', 19, 'MID', 5.00, 'fit', NULL, NULL, 0.000, 3.400, 2.300, 23, 50, '564940.jpg'),
(719, 'Lindelöf', 2, 'DEF', 4.50, 'fit', 100, 100, 0.100, 1.000, 1.600, 8, 45, '184667.jpg'),
(720, 'Tolu', 20, 'FWD', 5.40, 'fit', NULL, NULL, 0.100, 2.200, 1.700, 20, 54, '488213.jpg'),
(721, 'Milosavljević', 4, 'DEF', 4.50, 'injured', 0, 0, 0.000, 0.800, 3.400, 17, 45, '620487.jpg'),
(722, 'Florentino', 3, 'MID', 5.00, 'fit', NULL, NULL, 0.000, 2.600, 3.200, 41, 50, '216055.jpg'),
(723, 'Canvot', 8, 'DEF', 4.50, 'fit', 100, 75, 0.000, 0.600, 2.800, 14, 45, '651426.jpg'),
(724, 'Geertruida', 17, 'DEF', 4.50, 'fit', NULL, NULL, 0.000, 1.000, 1.200, 15, 45, '247955.jpg'),
(725, 'Hincapie', 1, 'DEF', 5.50, 'fit', 100, 100, 2.900, 3.600, 2.900, 20, 55, '448104.jpg'),
(726, 'Kolo Muani', 18, 'FWD', 6.90, 'fit', 100, 100, 0.400, 1.600, 1.600, 14, 69, '247693.jpg'),
(727, 'Chukwueze', 10, 'MID', 5.30, 'doubt', 0, 100, 0.300, 5.600, 3.900, 35, 53, '218328.jpg'),
(728, 'Röhl', 9, 'MID', 5.00, 'injured', 0, 0, 0.000, 0.000, 1.000, 4, 50, '513466.jpg'),
(729, 'Cuiabano', 16, 'DEF', 4.50, 'doubt', 0, 0, 0.000, 0.000, 0.000, 0, 45, '560441.jpg'),
(730, 'Brobbey', 17, 'FWD', 5.50, 'fit', NULL, NULL, 0.300, 2.200, 2.200, 24, 55, '441264.jpg'),
(731, 'Kevin', 10, 'MID', 5.80, 'fit', 100, 100, 0.100, 1.200, 1.300, 16, 58, '560552.jpg'),
(732, 'Uche', 8, 'FWD', 5.50, 'fit', NULL, NULL, 0.000, 0.600, 1.000, 6, 55, '660392.jpg'),
(733, 'Lammens', 14, 'GK', 5.00, 'fit', NULL, NULL, 1.700, 1.800, 2.500, 25, 50, '465247.jpg'),
(734, 'Bakwa', 16, 'MID', 5.90, 'fit', 100, 100, 0.000, 0.000, 1.200, 5, 59, '476887.jpg'),
(735, 'Traoré', 17, 'MID', 5.50, 'doubt', 0, NULL, 0.100, 3.000, 2.800, 28, 55, '110504.jpg'),
(736, 'Donnarumma', 13, 'GK', 5.70, 'fit', NULL, NULL, 10.100, 3.800, 3.800, 50, 57, '204936.jpg'),
(737, 'Kusi-Asare', 10, 'FWD', 4.50, 'fit', NULL, NULL, 0.100, 0.200, 1.000, 2, 45, '631786.jpg'),
(738, 'Fabianski', 19, 'GK', 4.50, 'doubt', 25, 25, 0.000, 0.000, 0.000, 0, 45, '37096.jpg'),
(739, 'Mukasa', 13, 'MID', 4.40, 'fit', NULL, NULL, 0.000, 0.000, 0.000, 0, 44, '590039.jpg'),
(740, 'Mfuni', 13, 'DEF', 4.00, 'fit', NULL, NULL, 0.000, 0.000, 0.000, 0, 40, '566213.jpg'),
(741, 'Gray', 11, 'FWD', 4.50, 'fit', 100, 100, 0.100, 0.000, 0.000, 0, 45, '600882.jpg'),
(742, 'McAidoo', 13, 'MID', 4.50, 'fit', NULL, NULL, 0.000, 0.000, 0.000, 0, 45, '616288.jpg'),
(743, 'Emenalo', 7, 'MID', 4.50, 'fit', NULL, NULL, 0.000, 0.000, 0.000, 0, 45, '611912.jpg'),
(744, 'Oriola', 6, 'MID', 4.50, 'fit', NULL, NULL, 0.000, 0.000, 1.000, 1, 45, '556637.jpg'),
(745, 'Byfield', 18, 'DEF', 4.00, 'fit', NULL, NULL, 0.000, 0.000, 0.000, 0, 40, '640419.jpg'),
(746, 'Morrison', 12, 'MID', 4.50, 'fit', NULL, NULL, 0.000, 0.000, 0.000, 0, 45, '596042.jpg'),
(747, 'Mayers', 19, 'DEF', 4.00, 'fit', NULL, NULL, 0.000, 0.200, 1.000, 1, 40, '602903.jpg'),
(748, 'Dasilva', 5, 'MID', 4.90, 'injured', 0, 0, 0.000, 0.000, 0.000, 0, 49, '183656.jpg'),
(749, 'Mané', 20, 'FWD', 4.50, 'fit', NULL, NULL, 0.100, 1.400, 1.600, 8, 45, '647671.jpg'),
(750, 'Rowswell', 18, 'DEF', 4.00, 'fit', NULL, NULL, 0.000, 0.000, 0.000, 0, 40, '499716.jpg'),
(751, 'Akhamrich', 18, 'MID', 4.50, 'fit', NULL, NULL, 0.000, 0.000, 0.000, 0, 45, '590035.jpg'),
(752, 'Golambeckis', 19, 'DEF', 4.00, 'fit', NULL, NULL, 0.000, 0.000, 0.000, 0, 40, '643473.jpg'),
(753, 'Ruddy', 15, 'GK', 4.00, 'fit', NULL, NULL, 0.000, 0.000, 0.000, 0, 40, '19236.jpg'),
(754, 'George Hemmings', 2, 'MID', 4.50, 'fit', NULL, NULL, 0.000, 0.000, 0.000, 0, 45, '577285.jpg'),
(755, 'Lacey', 14, 'MID', 4.50, 'fit', NULL, NULL, 0.000, 0.000, 0.000, 0, 45, '576628.jpg'),
(756, 'DaCosta', 4, 'MID', 4.50, 'fit', NULL, NULL, 0.000, 0.000, 0.000, 0, 45, '678552.jpg'),
(757, 'Hollingshead', 2, 'GK', 4.00, 'fit', NULL, NULL, 0.000, 0.000, 0.000, 0, 40, '516875.jpg'),
(758, 'Mohamadou Kanté', 19, 'MID', 4.50, 'fit', NULL, NULL, 0.000, 0.700, 1.000, 2, 45, '630699.jpg'),
(759, 'Salmon', 1, 'DEF', 4.00, 'fit', NULL, NULL, 0.000, 0.000, 0.000, 0, 40, '616065.jpg'),
(760, 'Lucky', 12, 'DEF', 4.00, 'fit', NULL, NULL, 0.000, 0.000, 0.000, 0, 40, '519440.jpg');

-- --------------------------------------------------------

--
-- Table structure for table `player_gameweek_stats`
--

CREATE TABLE `player_gameweek_stats` (
  `id` bigint(20) NOT NULL,
  `gw` int(11) NOT NULL,
  `player_id` int(11) NOT NULL,
  `team_id` int(11) NOT NULL,
  `opponent_team_id` int(11) DEFAULT NULL,
  `was_home` tinyint(4) NOT NULL DEFAULT 0,
  `difficulty` tinyint(4) DEFAULT NULL,
  `started` tinyint(4) NOT NULL DEFAULT 0,
  `minutes` int(11) NOT NULL DEFAULT 0,
  `total_points` int(11) NOT NULL DEFAULT 0,
  `goals` tinyint(4) NOT NULL DEFAULT 0,
  `assists` tinyint(4) NOT NULL DEFAULT 0,
  `clean_sheet` tinyint(4) NOT NULL DEFAULT 0,
  `goals_conceded` tinyint(4) NOT NULL DEFAULT 0,
  `saves` tinyint(4) NOT NULL DEFAULT 0,
  `penalties_saved` tinyint(4) NOT NULL DEFAULT 0,
  `penalties_missed` tinyint(4) NOT NULL DEFAULT 0,
  `yellow` tinyint(4) NOT NULL DEFAULT 0,
  `red` tinyint(4) NOT NULL DEFAULT 0,
  `own_goals` tinyint(4) NOT NULL DEFAULT 0,
  `bonus` tinyint(4) NOT NULL DEFAULT 0,
  `bps` int(11) NOT NULL DEFAULT 0,
  `influence` decimal(7,2) NOT NULL DEFAULT 0.00,
  `creativity` decimal(7,2) NOT NULL DEFAULT 0.00,
  `threat` decimal(7,2) NOT NULL DEFAULT 0.00,
  `ict_index` decimal(7,2) NOT NULL DEFAULT 0.00,
  `xg` decimal(7,3) NOT NULL DEFAULT 0.000,
  `xa` decimal(7,3) NOT NULL DEFAULT 0.000,
  `created_at` timestamp NOT NULL DEFAULT current_timestamp()
) ENGINE=InnoDB DEFAULT CHARSET=utf8mb4 COLLATE=utf8mb4_general_ci;

-- --------------------------------------------------------

--
-- Table structure for table `predictions`
--

CREATE TABLE `predictions` (
  `id` bigint(20) NOT NULL,
  `gw` int(11) NOT NULL,
  `player_id` int(11) NOT NULL,
  `p_start` decimal(5,4) NOT NULL,
  `expected_points` decimal(6,3) NOT NULL,
  `model_version` varchar(32) NOT NULL,
  `created_at` timestamp NOT NULL DEFAULT current_timestamp()
) ENGINE=InnoDB DEFAULT CHARSET=utf8mb4 COLLATE=utf8mb4_general_ci;

-- --------------------------------------------------------

--
-- Table structure for table `teams`
--

CREATE TABLE `teams` (
  `id` int(11) NOT NULL,
  `name` varchar(96) NOT NULL,
  `short_name` varchar(16) DEFAULT NULL,
  `strength_attack` tinyint(4) NOT NULL DEFAULT 50,
  `strength_defense` tinyint(4) NOT NULL DEFAULT 50,
  `strength_overall_home` tinyint(4) DEFAULT NULL,
  `strength_overall_away` tinyint(4) DEFAULT NULL
) ENGINE=InnoDB DEFAULT CHARSET=utf8mb4 COLLATE=utf8mb4_general_ci;

--
-- Dumping data for table `teams`
--

INSERT INTO `teams` (`id`, `name`, `short_name`, `strength_attack`, `strength_defense`, `strength_overall_home`, `strength_overall_away`) VALUES
(1, 'Arsenal', 'ARS', 127, 127, 127, 127),
(2, 'Aston Villa', 'AVL', 127, 127, 127, 127),
(3, 'Burnley', 'BUR', 127, 127, 127, 127),
(4, 'Bournemouth', 'BOU', 127, 127, 127, 127),
(5, 'Brentford', 'BRE', 127, 127, 127, 127),
(6, 'Brighton', 'BHA', 127, 127, 127, 127),
(7, 'Chelsea', 'CHE', 127, 127, 127, 127),
(8, 'Crystal Palace', 'CRY', 127, 127, 127, 127),
(9, 'Everton', 'EVE', 127, 127, 127, 127),
(10, 'Fulham', 'FUL', 127, 127, 127, 127),
(11, 'Leeds', 'LEE', 127, 127, 127, 127),
(12, 'Liverpool', 'LIV', 127, 127, 127, 127),
(13, 'Man City', 'MCI', 127, 127, 127, 127),
(14, 'Man Utd', 'MUN', 127, 127, 127, 127),
(15, 'Newcastle', 'NEW', 127, 127, 127, 127),
(16, 'Nott\'m Forest', 'NFO', 127, 127, 127, 127),
(17, 'Sunderland', 'SUN', 127, 127, 127, 127),
(18, 'Spurs', 'TOT', 127, 127, 127, 127),
(19, 'West Ham', 'WHU', 127, 127, 127, 127),
(20, 'Wolves', 'WOL', 127, 127, 127, 127);

--
-- Indexes for dumped tables
--

--
-- Indexes for table `gameweeks`
--
ALTER TABLE `gameweeks`
  ADD PRIMARY KEY (`gw`);

--
-- Indexes for table `matches`
--
ALTER TABLE `matches`
  ADD PRIMARY KEY (`id`),
  ADD KEY `idx_matches_gw` (`gw`),
  ADD KEY `idx_matches_home` (`home_team_id`),
  ADD KEY `idx_matches_away` (`away_team_id`);

--
-- Indexes for table `players`
--
ALTER TABLE `players`
  ADD PRIMARY KEY (`id`),
  ADD KEY `idx_player_team` (`team_id`);

--
-- Indexes for table `player_gameweek_stats`
--
ALTER TABLE `player_gameweek_stats`
  ADD PRIMARY KEY (`id`),
  ADD UNIQUE KEY `uq_player_gw` (`gw`,`player_id`),
  ADD KEY `idx_pgs_player` (`player_id`),
  ADD KEY `idx_pgs_team` (`team_id`),
  ADD KEY `fk_pgs_opp` (`opponent_team_id`);

--
-- Indexes for table `predictions`
--
ALTER TABLE `predictions`
  ADD PRIMARY KEY (`id`),
  ADD UNIQUE KEY `uq_pred_gw_player` (`gw`,`player_id`),
  ADD KEY `idx_pred_gw` (`gw`),
  ADD KEY `fk_pred_player` (`player_id`);

--
-- Indexes for table `teams`
--
ALTER TABLE `teams`
  ADD PRIMARY KEY (`id`),
  ADD UNIQUE KEY `uq_team_name` (`name`);

--
-- AUTO_INCREMENT for dumped tables
--

--
-- AUTO_INCREMENT for table `player_gameweek_stats`
--
ALTER TABLE `player_gameweek_stats`
  MODIFY `id` bigint(20) NOT NULL AUTO_INCREMENT;

--
-- AUTO_INCREMENT for table `predictions`
--
ALTER TABLE `predictions`
  MODIFY `id` bigint(20) NOT NULL AUTO_INCREMENT;

--
-- Constraints for dumped tables
--

--
-- Constraints for table `matches`
--
ALTER TABLE `matches`
  ADD CONSTRAINT `fk_match_away` FOREIGN KEY (`away_team_id`) REFERENCES `teams` (`id`),
  ADD CONSTRAINT `fk_match_home` FOREIGN KEY (`home_team_id`) REFERENCES `teams` (`id`);

--
-- Constraints for table `players`
--
ALTER TABLE `players`
  ADD CONSTRAINT `fk_player_team` FOREIGN KEY (`team_id`) REFERENCES `teams` (`id`);

--
-- Constraints for table `player_gameweek_stats`
--
ALTER TABLE `player_gameweek_stats`
  ADD CONSTRAINT `fk_pgs_opp` FOREIGN KEY (`opponent_team_id`) REFERENCES `teams` (`id`),
  ADD CONSTRAINT `fk_pgs_player` FOREIGN KEY (`player_id`) REFERENCES `players` (`id`),
  ADD CONSTRAINT `fk_pgs_team` FOREIGN KEY (`team_id`) REFERENCES `teams` (`id`);

--
-- Constraints for table `predictions`
--
ALTER TABLE `predictions`
  ADD CONSTRAINT `fk_pred_player` FOREIGN KEY (`player_id`) REFERENCES `players` (`id`);
COMMIT;

/*!40101 SET CHARACTER_SET_CLIENT=@OLD_CHARACTER_SET_CLIENT */;
/*!40101 SET CHARACTER_SET_RESULTS=@OLD_CHARACTER_SET_RESULTS */;
/*!40101 SET COLLATION_CONNECTION=@OLD_COLLATION_CONNECTION */;
